"CaseId","ActivityName","StartTimestamp","EndTimestamp","Resource","ResourceType","QueueOrTeam","RiskLevel","DiscrepancyAmount","EvidenceStatus","RecommendedDisposition","FinalDisposition"
"EIR-2025-0033","Evidence Received","2025-06-20T00:00:00.000Z","","Bradley Law","Human","✓ Closed / Monitoring Queue","⚠ Critical","11600","✓ Verified","",""
"EIR-2025-0033","Evidence Received","2025-06-22T00:00:00.000Z","","Bradley Law","Human","✓ Closed / Monitoring Queue","⚠ Critical","11600","◷ Under Review","",""
"EIR-2025-0033","Case Assigned","2026-07-29T20:40:52.000Z","","Bradley Law","Human","✓ Closed / Monitoring Queue","⚠ Critical","11600","✓ Complete","▲ Create Overpayment Review","◆ Late Reporting Confirmed"
"EIR-2025-0033","Case Created","2026-07-29T20:40:52.000Z","","Bradley Law","Human","✓ Closed / Monitoring Queue","⚠ Critical","11600","✓ Complete","▲ Create Overpayment Review","◆ Late Reporting Confirmed"
"EIR-2025-0033","Earnings Discrepancy Recorded","2026-07-29T20:51:17.000Z","","Bradley Law","Human","✓ Closed / Monitoring Queue","⚠ Critical","11600","","",""
"EIR-2025-0033","Analyst Finding Drafted","2026-07-29T20:52:11.000Z","","S. Kim","Human","✓ Closed / Monitoring Queue","⚠ Critical","11600","","▲ Create Overpayment Review",""
"EIR-2025-0033","Business Process Started","2026-08-06T19:28:46.000Z","","Bradley Law","Human","✓ Closed / Monitoring Queue","⚠ Critical","11600","","",""
"EIR-2025-0033","Disposition Stage Started","2026-08-06T22:36:36.000Z","","Bradley Law","Human","✓ Closed / Monitoring Queue","⚠ Critical","11600","","",""
"EIR-2025-0033","AI Analysis Result Recorded","2026-08-10T17:03:35.000Z","","Seeded Demo Analysis Workflow","Automated Workflow","✓ Closed / Monitoring Queue","⚠ Critical","11600","✓ Complete","▲ Create Overpayment Review","◆ Late Reporting Confirmed"
"EIR-2025-0033","Task Scheduled","2026-08-11T17:00:00.000Z","2026-08-13T01:00:00.000Z","Bradley Law","Human","✓ Closed / Monitoring Queue","⚠ Critical","11600","","",""
"EIR-2025-0033","Task Scheduled","2026-08-12T17:00:00.000Z","2026-08-14T01:00:00.000Z","Bradley Law","Human","✓ Closed / Monitoring Queue","⚠ Critical","11600","","",""
"EIR-2025-0033","Beneficiary Clarification Scheduled","2026-08-14T22:00:00.000Z","2026-08-14T22:30:00.000Z","Bradley Law","Human","✓ Closed / Monitoring Queue","⚠ Critical","11600","","",""
"EIR-2025-0041","Evidence Received","2025-07-10T00:00:00.000Z","","Bradley Law","Human","⚠ High-Risk Fraud Review Queue","▲ High","24800","✓ Verified","",""
"EIR-2025-0041","Evidence Received","2025-07-12T00:00:00.000Z","","Bradley Law","Human","⚠ High-Risk Fraud Review Queue","▲ High","24800","✓ Verified","",""
"EIR-2025-0041","Evidence Received","2025-07-15T00:00:00.000Z","","Bradley Law","Human","⚠ High-Risk Fraud Review Queue","▲ High","24800","◷ Under Review","",""
"EIR-2025-0041","Case Assigned","2026-07-29T20:39:14.000Z","","Bradley Law","Human","⚠ High-Risk Fraud Review Queue","▲ High","24800","✓ Complete","▲ Create Overpayment Review","▲ Overpayment Review Required"
"EIR-2025-0041","Case Created","2026-07-29T20:39:14.000Z","","Bradley Law","Human","⚠ High-Risk Fraud Review Queue","▲ High","24800","✓ Complete","▲ Create Overpayment Review","▲ Overpayment Review Required"
"EIR-2025-0041","Earnings Discrepancy Recorded","2026-07-29T20:50:55.000Z","","IRS Wage Feed W-2","Human","⚠ High-Risk Fraud Review Queue","▲ High","24800","","",""
"EIR-2025-0041","Earnings Signal Received","2026-07-29T20:50:55.000Z","","IRS Wage Feed W-2","Automated Workflow","⚠ High-Risk Fraud Review Queue","▲ High","24800","","",""
"EIR-2025-0041","Earnings Discrepancy Recorded","2026-07-29T20:51:00.000Z","","IRS Wage Feed W-2","Human","⚠ High-Risk Fraud Review Queue","▲ High","24800","","",""
"EIR-2025-0041","Earnings Signal Received","2026-07-29T20:51:00.000Z","","IRS Wage Feed W-2","Automated Workflow","⚠ High-Risk Fraud Review Queue","▲ High","24800","","",""
"EIR-2025-0041","Analyst Finding Drafted","2026-07-29T20:52:03.000Z","","J. Reyes","Human","⚠ High-Risk Fraud Review Queue","▲ High","24800","","▲ Create Overpayment Review",""
"EIR-2025-0041","AI Analysis Result Recorded","2026-08-10T16:51:04.000Z","","Seeded Demo Analysis Workflow","Automated Workflow","⚠ High-Risk Fraud Review Queue","▲ High","24800","✓ Complete","▲ Create Overpayment Review","▲ Overpayment Review Required"
"EIR-2025-0041","Business Process Started","2026-08-10T16:51:11.000Z","","Bradley Law","Human","⚠ High-Risk Fraud Review Queue","▲ High","24800","","",""
"EIR-2025-0041","Risk Triage Started","2026-08-10T16:51:11.000Z","","Bradley Law","Human","⚠ High-Risk Fraud Review Queue","▲ High","24800","","",""
"EIR-2025-0052","Evidence Received","2025-06-10T00:00:00.000Z","","ℹ Wage Report","Human","◆ Evidence Needed Queue","▲ High","18400","✓ Verified","",""
"EIR-2025-0052","Evidence Received","2025-06-10T00:00:00.000Z","","ℹ Wage Report","Human","◆ Evidence Needed Queue","▲ High","18400","✓ Verified","",""
"EIR-2025-0052","Evidence Received","2025-06-13T00:00:00.000Z","","Bradley Law","Human","◆ Evidence Needed Queue","▲ High","18400","✓ Verified","",""
"EIR-2025-0052","Case Assigned","2026-07-29T20:39:39.000Z","","Bradley Law","Human","◆ Evidence Needed Queue","▲ High","18400","◷ In Progress","◷ Request More Information","◷ Insufficient Evidence"
"EIR-2025-0052","Case Created","2026-07-29T20:39:39.000Z","","Bradley Law","Human","◆ Evidence Needed Queue","▲ High","18400","◷ In Progress","◷ Request More Information","◷ Insufficient Evidence"
"EIR-2025-0052","Earnings Discrepancy Recorded","2026-07-29T20:51:05.000Z","","Bradley Law","Human","◆ Evidence Needed Queue","▲ High","18400","","",""
"EIR-2025-0052","Earnings Discrepancy Recorded","2026-07-29T20:51:09.000Z","","Bradley Law","Human","◆ Evidence Needed Queue","▲ High","18400","","",""
"EIR-2025-0052","Analyst Finding Drafted","2026-07-29T20:52:07.000Z","","T. Morales","Human","◆ Evidence Needed Queue","▲ High","18400","","◷ Request More Information",""
"EIR-2025-0052","AI Analysis Result Recorded","2026-08-04T19:24:07.000Z","","Seeded Demo Analysis Workflow","Automated Workflow","◆ Evidence Needed Queue","▲ High","18400","◷ In Progress","◷ Request More Information","◷ Insufficient Evidence"
"EIR-2025-0067","Evidence Received","2025-07-10T00:00:00.000Z","","Bradley Law","Human","ℹ Employer Verification Queue","◷ Medium","8750","✓ Verified","",""
"EIR-2025-0067","Case Assigned","2026-07-29T20:39:47.000Z","","Bradley Law","Human","ℹ Employer Verification Queue","◷ Medium","8750","◷ In Progress","◷ Request More Information","◷ Referred for Further Review"
"EIR-2025-0067","Case Created","2026-07-29T20:39:47.000Z","","Bradley Law","Human","ℹ Employer Verification Queue","◷ Medium","8750","◷ In Progress","◷ Request More Information","◷ Referred for Further Review"
"EIR-2025-0067","Earnings Discrepancy Recorded","2026-07-29T20:51:13.000Z","","IRS Wage Feed W-2","Human","ℹ Employer Verification Queue","◷ Medium","8750","","",""
"EIR-2025-0067","Earnings Signal Received","2026-07-29T20:51:13.000Z","","IRS Wage Feed W-2","Automated Workflow","ℹ Employer Verification Queue","◷ Medium","8750","","",""
"EIR-2025-0067","AI Analysis Result Recorded","2026-08-04T19:24:07.000Z","","Seeded Demo Analysis Workflow","Automated Workflow","ℹ Employer Verification Queue","◷ Medium","8750","◷ In Progress","◷ Request More Information","◷ Referred for Further Review"
"EIR-2026-BULK-001","Earnings Signal Received","2026-08-10T18:03:38.000Z","","Earnings Signal Intake Flow","Automated Workflow","⚠ High-Risk Fraud Review Queue","▲ High","12400","","",""
"EIR-2026-BULK-001","Risk Triage Started","2026-08-10T20:03:38.000Z","","Avery Johnson","Human","⚠ High-Risk Fraud Review Queue","▲ High","12400","","",""
"EIR-2026-BULK-001","Case Assigned","2026-08-10T22:03:38.000Z","","Avery Johnson","Human","⚠ High-Risk Fraud Review Queue","▲ High","12400","","",""
"EIR-2026-BULK-001","Earnings Discrepancy Reviewed","2026-08-11T18:03:38.000Z","","Avery Johnson","Human","⚠ High-Risk Fraud Review Queue","▲ High","12400","","",""
"EIR-2026-BULK-001","Evidence Received","2026-08-12T18:03:38.000Z","","Avery Johnson","Human","⚠ High-Risk Fraud Review Queue","▲ High","12400","Received","",""
"EIR-2026-BULK-001","Evidence Validated","2026-08-13T18:03:38.000Z","","Avery Johnson","Human","⚠ High-Risk Fraud Review Queue","▲ High","12400","Verified","",""
"EIR-2026-BULK-001","Additional Evidence Requested","2026-08-14T18:03:38.000Z","","Avery Johnson","Human","Evidence Needed Queue","▲ High","12400","Requested","",""
"EIR-2026-BULK-001","Evidence Received","2026-08-18T18:03:38.000Z","","Morgan Lee","Human","Evidence Needed Queue","▲ High","12400","Received","",""
"EIR-2026-BULK-002","Earnings Signal Received","2026-08-10T18:04:00.000Z","","Earnings Signal Intake Flow","Automated Workflow","◆ Evidence Needed Queue","▲ High","9200","","",""
"EIR-2026-BULK-002","Risk Triage Started","2026-08-10T20:04:00.000Z","","Avery Johnson","Human","◆ Evidence Needed Queue","▲ High","9200","","",""
"EIR-2026-BULK-002","Case Assigned","2026-08-10T22:04:00.000Z","","Avery Johnson","Human","◆ Evidence Needed Queue","▲ High","9200","","",""
"EIR-2026-BULK-002","Earnings Discrepancy Reviewed","2026-08-11T18:04:00.000Z","","Avery Johnson","Human","◆ Evidence Needed Queue","▲ High","9200","","",""
"EIR-2026-BULK-002","Evidence Received","2026-08-12T18:04:00.000Z","","Avery Johnson","Human","◆ Evidence Needed Queue","▲ High","9200","Received","",""
"EIR-2026-BULK-002","Evidence Validated","2026-08-13T18:04:00.000Z","","Avery Johnson","Human","◆ Evidence Needed Queue","▲ High","9200","Verified","",""
"EIR-2026-BULK-002","Additional Evidence Requested","2026-08-14T18:04:00.000Z","","Avery Johnson","Human","Evidence Needed Queue","▲ High","9200","Requested","",""
"EIR-2026-BULK-002","Evidence Received","2026-08-18T18:04:00.000Z","","Morgan Lee","Human","Evidence Needed Queue","▲ High","9200","Received","",""
"EIR-2026-BULK-002","Case Assigned","2026-08-19T18:04:00.000Z","","Morgan Lee","Human","◆ Evidence Needed Queue","▲ High","9200","","",""
"EIR-2026-BULK-003","Earnings Signal Received","2026-08-10T18:04:12.000Z","","Earnings Signal Intake Flow","Automated Workflow","ℹ Employer Verification Queue","◷ Medium","8750","","",""
"EIR-2026-BULK-003","Risk Triage Started","2026-08-10T20:04:12.000Z","","Avery Johnson","Human","ℹ Employer Verification Queue","◷ Medium","8750","","",""
"EIR-2026-BULK-003","Case Assigned","2026-08-10T22:04:12.000Z","","Avery Johnson","Human","ℹ Employer Verification Queue","◷ Medium","8750","","",""
"EIR-2026-BULK-003","Earnings Discrepancy Reviewed","2026-08-11T18:04:12.000Z","","Avery Johnson","Human","ℹ Employer Verification Queue","◷ Medium","8750","","",""
"EIR-2026-BULK-003","Evidence Received","2026-08-12T18:04:12.000Z","","Avery Johnson","Human","ℹ Employer Verification Queue","◷ Medium","8750","Received","",""
"EIR-2026-BULK-003","Evidence Validated","2026-08-13T18:04:12.000Z","","Avery Johnson","Human","ℹ Employer Verification Queue","◷ Medium","8750","Verified","",""
"EIR-2026-BULK-003","Additional Evidence Requested","2026-08-14T18:04:12.000Z","","Avery Johnson","Human","Evidence Needed Queue","◷ Medium","8750","Requested","",""
"EIR-2026-BULK-003","Evidence Received","2026-08-18T18:04:12.000Z","","Morgan Lee","Human","Evidence Needed Queue","◷ Medium","8750","Received","",""
"EIR-2026-BULK-003","Case Assigned","2026-08-19T18:04:12.000Z","","Morgan Lee","Human","ℹ Employer Verification Queue","◷ Medium","8750","","",""
"EIR-2026-BULK-003","Analyst Finding Submitted","2026-08-20T18:04:12.000Z","","Morgan Lee","Human","Supervisor Approval Queue","◷ Medium","8750","","◷ Contact Employer",""
"EIR-2026-BULK-003","Supervisor Review Started","2026-08-21T18:04:12.000Z","","Jordan Patel","Human","Supervisor Approval Queue","◷ Medium","8750","","◷ Contact Employer",""
"EIR-2026-BULK-003","Case Returned to Analyst","2026-08-22T18:04:12.000Z","","Jordan Patel","Human","Evidence Needed Queue","◷ Medium","8750","","◷ Contact Employer",""
"EIR-2026-BULK-003","Finding Revised","2026-08-24T18:04:12.000Z","","Morgan Lee","Human","Evidence Needed Queue","◷ Medium","8750","","◷ Contact Employer",""
"EIR-2026-BULK-004","Earnings Signal Received","2026-08-10T18:04:15.000Z","","Earnings Signal Intake Flow","Automated Workflow","✓ Closed / Monitoring Queue","✓ Low","3600","","",""
"EIR-2026-BULK-004","Risk Triage Started","2026-08-10T20:04:15.000Z","","Avery Johnson","Human","✓ Closed / Monitoring Queue","✓ Low","3600","","",""
"EIR-2026-BULK-004","Case Assigned","2026-08-10T22:04:15.000Z","","Avery Johnson","Human","✓ Closed / Monitoring Queue","✓ Low","3600","","",""
"EIR-2026-BULK-004","Earnings Discrepancy Reviewed","2026-08-11T18:04:15.000Z","","Avery Johnson","Human","✓ Closed / Monitoring Queue","✓ Low","3600","","",""
"EIR-2026-BULK-004","Evidence Received","2026-08-12T18:04:15.000Z","","Avery Johnson","Human","✓ Closed / Monitoring Queue","✓ Low","3600","Received","",""
"EIR-2026-BULK-004","Evidence Validated","2026-08-13T18:04:15.000Z","","Avery Johnson","Human","✓ Closed / Monitoring Queue","✓ Low","3600","Verified","",""
"EIR-2026-BULK-004","Case Assigned","2026-08-19T18:04:15.000Z","","Morgan Lee","Human","✓ Closed / Monitoring Queue","✓ Low","3600","","",""
"EIR-2026-BULK-004","Analyst Finding Submitted","2026-08-20T18:04:15.000Z","","Morgan Lee","Human","Supervisor Approval Queue","✓ Low","3600","","✓ Close - Corrected Data",""
"EIR-2026-BULK-004","Supervisor Review Started","2026-08-21T18:04:15.000Z","","Jordan Patel","Human","Supervisor Approval Queue","✓ Low","3600","","✓ Close - Corrected Data",""
"EIR-2026-BULK-004","Case Returned to Analyst","2026-08-22T18:04:15.000Z","","Jordan Patel","Human","Evidence Needed Queue","✓ Low","3600","","✓ Close - Corrected Data",""
"EIR-2026-BULK-004","Finding Revised","2026-08-24T18:04:15.000Z","","Morgan Lee","Human","Evidence Needed Queue","✓ Low","3600","","✓ Close - Corrected Data",""
"EIR-2026-BULK-005","Earnings Signal Received","2026-08-10T18:04:19.000Z","","Earnings Signal Intake Flow","Automated Workflow","⚠ High-Risk Fraud Review Queue","▲ High","12400","","",""
"EIR-2026-BULK-005","Risk Triage Started","2026-08-10T20:04:19.000Z","","Avery Johnson","Human","⚠ High-Risk Fraud Review Queue","▲ High","12400","","",""
"EIR-2026-BULK-005","Case Assigned","2026-08-10T22:04:19.000Z","","Avery Johnson","Human","⚠ High-Risk Fraud Review Queue","▲ High","12400","","",""
"EIR-2026-BULK-005","Earnings Discrepancy Reviewed","2026-08-11T18:04:19.000Z","","Avery Johnson","Human","⚠ High-Risk Fraud Review Queue","▲ High","12400","","",""
"EIR-2026-BULK-005","Evidence Received","2026-08-12T18:04:19.000Z","","Avery Johnson","Human","⚠ High-Risk Fraud Review Queue","▲ High","12400","Received","",""
"EIR-2026-BULK-005","Evidence Validated","2026-08-13T18:04:19.000Z","","Avery Johnson","Human","⚠ High-Risk Fraud Review Queue","▲ High","12400","Verified","",""
"EIR-2026-BULK-005","Analyst Finding Submitted","2026-08-20T18:04:19.000Z","","Morgan Lee","Human","Supervisor Approval Queue","▲ High","12400","","▲ Create Overpayment Review",""
"EIR-2026-BULK-005","Supervisor Review Started","2026-08-21T18:04:19.000Z","","Jordan Patel","Human","Supervisor Approval Queue","▲ High","12400","","▲ Create Overpayment Review",""
"EIR-2026-BULK-005","Case Returned to Analyst","2026-08-22T18:04:19.000Z","","Jordan Patel","Human","Evidence Needed Queue","▲ High","12400","","▲ Create Overpayment Review",""
"EIR-2026-BULK-005","Finding Revised","2026-08-24T18:04:19.000Z","","Morgan Lee","Human","Evidence Needed Queue","▲ High","12400","","▲ Create Overpayment Review",""
"EIR-2026-BULK-006","Earnings Signal Received","2026-08-10T18:04:22.000Z","","Earnings Signal Intake Flow","Automated Workflow","◆ Evidence Needed Queue","▲ High","9200","","",""
"EIR-2026-BULK-006","Risk Triage Started","2026-08-10T20:04:22.000Z","","Avery Johnson","Human","◆ Evidence Needed Queue","▲ High","9200","","",""
"EIR-2026-BULK-006","Case Assigned","2026-08-10T22:04:22.000Z","","Avery Johnson","Human","◆ Evidence Needed Queue","▲ High","9200","","",""
"EIR-2026-BULK-006","Earnings Discrepancy Reviewed","2026-08-11T18:04:22.000Z","","Avery Johnson","Human","◆ Evidence Needed Queue","▲ High","9200","","",""
"EIR-2026-BULK-006","Evidence Received","2026-08-12T18:04:22.000Z","","Avery Johnson","Human","◆ Evidence Needed Queue","▲ High","9200","Received","",""
"EIR-2026-BULK-006","Evidence Validated","2026-08-13T18:04:22.000Z","","Avery Johnson","Human","◆ Evidence Needed Queue","▲ High","9200","Verified","",""
"EIR-2026-BULK-006","Case Escalated","2026-08-17T18:04:22.000Z","","Jordan Patel","Human","Fraud Escalation Queue","▲ High","9200","","Create Fraud Escalation Package",""
"EIR-2026-BULK-007","Earnings Signal Received","2026-08-10T18:04:26.000Z","","Earnings Signal Intake Flow","Automated Workflow","ℹ Employer Verification Queue","◷ Medium","8750","","",""
"EIR-2026-BULK-007","Risk Triage Started","2026-08-10T20:04:26.000Z","","Avery Johnson","Human","ℹ Employer Verification Queue","◷ Medium","8750","","",""
"EIR-2026-BULK-007","Case Assigned","2026-08-10T22:04:26.000Z","","Avery Johnson","Human","ℹ Employer Verification Queue","◷ Medium","8750","","",""
"EIR-2026-BULK-007","Earnings Discrepancy Reviewed","2026-08-11T18:04:26.000Z","","Avery Johnson","Human","ℹ Employer Verification Queue","◷ Medium","8750","","",""
"EIR-2026-BULK-007","Evidence Received","2026-08-12T18:04:26.000Z","","Avery Johnson","Human","ℹ Employer Verification Queue","◷ Medium","8750","Received","",""
"EIR-2026-BULK-007","Evidence Validated","2026-08-13T18:04:26.000Z","","Avery Johnson","Human","ℹ Employer Verification Queue","◷ Medium","8750","Verified","",""
"EIR-2026-BULK-007","Case Escalated","2026-08-17T18:04:26.000Z","","Jordan Patel","Human","Fraud Escalation Queue","◷ Medium","8750","","Create Fraud Escalation Package",""
"EIR-2026-BULK-008","Earnings Signal Received","2026-08-10T18:04:31.000Z","","Earnings Signal Intake Flow","Automated Workflow","✓ Closed / Monitoring Queue","✓ Low","3600","","",""
"EIR-2026-BULK-008","Risk Triage Started","2026-08-10T20:04:31.000Z","","Avery Johnson","Human","✓ Closed / Monitoring Queue","✓ Low","3600","","",""
"EIR-2026-BULK-008","Case Assigned","2026-08-10T22:04:31.000Z","","Avery Johnson","Human","✓ Closed / Monitoring Queue","✓ Low","3600","","",""
"EIR-2026-BULK-008","Earnings Discrepancy Reviewed","2026-08-11T18:04:31.000Z","","Avery Johnson","Human","✓ Closed / Monitoring Queue","✓ Low","3600","","",""
"EIR-2026-BULK-008","Evidence Received","2026-08-12T18:04:31.000Z","","Avery Johnson","Human","✓ Closed / Monitoring Queue","✓ Low","3600","Received","",""
"EIR-2026-BULK-008","Evidence Validated","2026-08-13T18:04:31.000Z","","Avery Johnson","Human","✓ Closed / Monitoring Queue","✓ Low","3600","Verified","",""
"EIR-2026-BULK-009","Case Assigned","2026-08-10T17:04:35.000Z","","Bradley Law","Human","⚠ High-Risk Fraud Review Queue","▲ High",,"✓ Complete","▲ Create Overpayment Review","▲ Overpayment Review Required"
"EIR-2026-BULK-009","Case Created","2026-08-10T17:04:35.000Z","","Bradley Law","Human","⚠ High-Risk Fraud Review Queue","▲ High",,"✓ Complete","▲ Create Overpayment Review","▲ Overpayment Review Required"
"EIR-2026-BULK-009","AI Analysis Result Recorded","2026-08-10T18:22:45.000Z","","Seeded Demo Analysis Workflow","Automated Workflow","⚠ High-Risk Fraud Review Queue","▲ High",,"✓ Complete","▲ Create Overpayment Review","▲ Overpayment Review Required"
"EIR-2026-BULK-010","Case Assigned","2026-08-10T17:04:39.000Z","","Bradley Law","Human","◆ Evidence Needed Queue","▲ High",,"◷ In Progress","◷ Request More Information","◷ Insufficient Evidence"
"EIR-2026-BULK-010","Case Created","2026-08-10T17:04:39.000Z","","Bradley Law","Human","◆ Evidence Needed Queue","▲ High",,"◷ In Progress","◷ Request More Information","◷ Insufficient Evidence"
"EIR-2026-BULK-010","AI Analysis Result Recorded","2026-08-10T18:22:45.000Z","","Seeded Demo Analysis Workflow","Automated Workflow","◆ Evidence Needed Queue","▲ High",,"◷ In Progress","◷ Request More Information","◷ Insufficient Evidence"
"EIR-2026-BULK-011","Case Assigned","2026-08-10T17:04:43.000Z","","Bradley Law","Human","ℹ Employer Verification Queue","◷ Medium",,"◷ In Progress","◷ Contact Employer","◷ Referred for Further Review"
"EIR-2026-BULK-011","Case Created","2026-08-10T17:04:43.000Z","","Bradley Law","Human","ℹ Employer Verification Queue","◷ Medium",,"◷ In Progress","◷ Contact Employer","◷ Referred for Further Review"
"EIR-2026-BULK-011","AI Analysis Result Recorded","2026-08-10T18:22:45.000Z","","Seeded Demo Analysis Workflow","Automated Workflow","ℹ Employer Verification Queue","◷ Medium",,"◷ In Progress","◷ Contact Employer","◷ Referred for Further Review"
"EIR-2026-BULK-012","Case Assigned","2026-08-10T17:04:47.000Z","","Bradley Law","Human","✓ Closed / Monitoring Queue","✓ Low",,"✓ Complete","✓ Close - Corrected Data","◆ Late Reporting Confirmed"
"EIR-2026-BULK-012","Case Created","2026-08-10T17:04:47.000Z","","Bradley Law","Human","✓ Closed / Monitoring Queue","✓ Low",,"✓ Complete","✓ Close - Corrected Data","◆ Late Reporting Confirmed"
"EIR-2026-BULK-012","AI Analysis Result Recorded","2026-08-10T18:22:46.000Z","","Seeded Demo Analysis Workflow","Automated Workflow","✓ Closed / Monitoring Queue","✓ Low",,"✓ Complete","✓ Close - Corrected Data","◆ Late Reporting Confirmed"
"EIR-2026-BULK-013","Case Assigned","2026-08-10T17:04:51.000Z","","Bradley Law","Human","⚠ High-Risk Fraud Review Queue","▲ High",,"✓ Complete","▲ Create Overpayment Review","▲ Overpayment Review Required"
"EIR-2026-BULK-013","Case Created","2026-08-10T17:04:51.000Z","","Bradley Law","Human","⚠ High-Risk Fraud Review Queue","▲ High",,"✓ Complete","▲ Create Overpayment Review","▲ Overpayment Review Required"
"EIR-2026-BULK-013","AI Analysis Result Recorded","2026-08-10T18:22:46.000Z","","Seeded Demo Analysis Workflow","Automated Workflow","⚠ High-Risk Fraud Review Queue","▲ High",,"✓ Complete","▲ Create Overpayment Review","▲ Overpayment Review Required"
"EIR-2026-BULK-014","Case Assigned","2026-08-10T17:04:54.000Z","","Bradley Law","Human","◆ Evidence Needed Queue","▲ High",,"◷ In Progress","◷ Request More Information","◷ Insufficient Evidence"
"EIR-2026-BULK-014","Case Created","2026-08-10T17:04:54.000Z","","Bradley Law","Human","◆ Evidence Needed Queue","▲ High",,"◷ In Progress","◷ Request More Information","◷ Insufficient Evidence"
"EIR-2026-BULK-014","AI Analysis Result Recorded","2026-08-10T18:22:46.000Z","","Seeded Demo Analysis Workflow","Automated Workflow","◆ Evidence Needed Queue","▲ High",,"◷ In Progress","◷ Request More Information","◷ Insufficient Evidence"
"EIR-2026-BULK-015","Case Assigned","2026-08-10T17:04:57.000Z","","Bradley Law","Human","ℹ Employer Verification Queue","◷ Medium",,"◷ In Progress","◷ Contact Employer","◷ Referred for Further Review"
"EIR-2026-BULK-015","Case Created","2026-08-10T17:04:57.000Z","","Bradley Law","Human","ℹ Employer Verification Queue","◷ Medium",,"◷ In Progress","◷ Contact Employer","◷ Referred for Further Review"
"EIR-2026-BULK-015","AI Analysis Result Recorded","2026-08-10T18:22:46.000Z","","Seeded Demo Analysis Workflow","Automated Workflow","ℹ Employer Verification Queue","◷ Medium",,"◷ In Progress","◷ Contact Employer","◷ Referred for Further Review"
"EIR-2026-BULK-016","Case Assigned","2026-08-10T17:05:01.000Z","","Bradley Law","Human","✓ Closed / Monitoring Queue","✓ Low",,"✓ Complete","✓ Close - Corrected Data","◆ Late Reporting Confirmed"
"EIR-2026-BULK-016","Case Created","2026-08-10T17:05:01.000Z","","Bradley Law","Human","✓ Closed / Monitoring Queue","✓ Low",,"✓ Complete","✓ Close - Corrected Data","◆ Late Reporting Confirmed"
"EIR-2026-BULK-016","AI Analysis Result Recorded","2026-08-10T18:22:47.000Z","","Seeded Demo Analysis Workflow","Automated Workflow","✓ Closed / Monitoring Queue","✓ Low",,"✓ Complete","✓ Close - Corrected Data","◆ Late Reporting Confirmed"
"EIR-2026-BULK-017","Case Assigned","2026-08-10T17:05:19.000Z","","Bradley Law","Human","⚠ High-Risk Fraud Review Queue","▲ High",,"✓ Complete","▲ Create Overpayment Review","▲ Overpayment Review Required"
"EIR-2026-BULK-017","Case Created","2026-08-10T17:05:19.000Z","","Bradley Law","Human","⚠ High-Risk Fraud Review Queue","▲ High",,"✓ Complete","▲ Create Overpayment Review","▲ Overpayment Review Required"
"EIR-2026-BULK-017","AI Analysis Result Recorded","2026-08-10T18:22:47.000Z","","Seeded Demo Analysis Workflow","Automated Workflow","⚠ High-Risk Fraud Review Queue","▲ High",,"✓ Complete","▲ Create Overpayment Review","▲ Overpayment Review Required"
"EIR-2026-BULK-018","Case Assigned","2026-08-10T17:05:30.000Z","","Bradley Law","Human","◆ Evidence Needed Queue","▲ High",,"◷ In Progress","◷ Request More Information","◷ Insufficient Evidence"
"EIR-2026-BULK-018","Case Created","2026-08-10T17:05:30.000Z","","Bradley Law","Human","◆ Evidence Needed Queue","▲ High",,"◷ In Progress","◷ Request More Information","◷ Insufficient Evidence"
"EIR-2026-BULK-018","AI Analysis Result Recorded","2026-08-10T18:22:47.000Z","","Seeded Demo Analysis Workflow","Automated Workflow","◆ Evidence Needed Queue","▲ High",,"◷ In Progress","◷ Request More Information","◷ Insufficient Evidence"
"EIR-2026-BULK-019","Case Assigned","2026-08-10T17:05:37.000Z","","Bradley Law","Human","ℹ Employer Verification Queue","◷ Medium",,"◷ In Progress","◷ Contact Employer","◷ Referred for Further Review"
"EIR-2026-BULK-019","Case Created","2026-08-10T17:05:37.000Z","","Bradley Law","Human","ℹ Employer Verification Queue","◷ Medium",,"◷ In Progress","◷ Contact Employer","◷ Referred for Further Review"
"EIR-2026-BULK-019","AI Analysis Result Recorded","2026-08-10T18:22:48.000Z","","Seeded Demo Analysis Workflow","Automated Workflow","ℹ Employer Verification Queue","◷ Medium",,"◷ In Progress","◷ Contact Employer","◷ Referred for Further Review"
"EIR-2026-BULK-020","Case Assigned","2026-08-10T17:05:45.000Z","","Bradley Law","Human","✓ Closed / Monitoring Queue","✓ Low",,"✓ Complete","✓ Close - Corrected Data","◆ Late Reporting Confirmed"
"EIR-2026-BULK-020","Case Created","2026-08-10T17:05:45.000Z","","Bradley Law","Human","✓ Closed / Monitoring Queue","✓ Low",,"✓ Complete","✓ Close - Corrected Data","◆ Late Reporting Confirmed"
"EIR-2026-BULK-020","AI Analysis Result Recorded","2026-08-10T18:22:48.000Z","","Seeded Demo Analysis Workflow","Automated Workflow","✓ Closed / Monitoring Queue","✓ Low",,"✓ Complete","✓ Close - Corrected Data","◆ Late Reporting Confirmed"
"EIR-2026-BULK-021","Case Assigned","2026-08-10T17:05:49.000Z","","Bradley Law","Human","⚠ High-Risk Fraud Review Queue","▲ High",,"✓ Complete","▲ Create Overpayment Review","▲ Overpayment Review Required"
"EIR-2026-BULK-021","Case Created","2026-08-10T17:05:49.000Z","","Bradley Law","Human","⚠ High-Risk Fraud Review Queue","▲ High",,"✓ Complete","▲ Create Overpayment Review","▲ Overpayment Review Required"
"EIR-2026-BULK-021","AI Analysis Result Recorded","2026-08-10T18:22:48.000Z","","Seeded Demo Analysis Workflow","Automated Workflow","⚠ High-Risk Fraud Review Queue","▲ High",,"✓ Complete","▲ Create Overpayment Review","▲ Overpayment Review Required"
"EIR-2026-BULK-022","Case Assigned","2026-08-10T17:05:54.000Z","","Bradley Law","Human","◆ Evidence Needed Queue","▲ High",,"◷ In Progress","◷ Request More Information","◷ Insufficient Evidence"
"EIR-2026-BULK-022","Case Created","2026-08-10T17:05:54.000Z","","Bradley Law","Human","◆ Evidence Needed Queue","▲ High",,"◷ In Progress","◷ Request More Information","◷ Insufficient Evidence"
"EIR-2026-BULK-022","AI Analysis Result Recorded","2026-08-10T18:22:49.000Z","","Seeded Demo Analysis Workflow","Automated Workflow","◆ Evidence Needed Queue","▲ High",,"◷ In Progress","◷ Request More Information","◷ Insufficient Evidence"
"EIR-2026-BULK-023","Case Assigned","2026-08-10T17:06:00.000Z","","Bradley Law","Human","ℹ Employer Verification Queue","◷ Medium",,"◷ In Progress","◷ Contact Employer","◷ Referred for Further Review"
"EIR-2026-BULK-023","Case Created","2026-08-10T17:06:00.000Z","","Bradley Law","Human","ℹ Employer Verification Queue","◷ Medium",,"◷ In Progress","◷ Contact Employer","◷ Referred for Further Review"
"EIR-2026-BULK-023","AI Analysis Result Recorded","2026-08-10T18:22:49.000Z","","Seeded Demo Analysis Workflow","Automated Workflow","ℹ Employer Verification Queue","◷ Medium",,"◷ In Progress","◷ Contact Employer","◷ Referred for Further Review"
"EIR-2026-BULK-024","Case Assigned","2026-08-10T17:06:05.000Z","","Bradley Law","Human","✓ Closed / Monitoring Queue","✓ Low",,"✓ Complete","✓ Close - Corrected Data","◆ Late Reporting Confirmed"
"EIR-2026-BULK-024","Case Created","2026-08-10T17:06:05.000Z","","Bradley Law","Human","✓ Closed / Monitoring Queue","✓ Low",,"✓ Complete","✓ Close - Corrected Data","◆ Late Reporting Confirmed"
"EIR-2026-BULK-024","AI Analysis Result Recorded","2026-08-10T18:22:50.000Z","","Seeded Demo Analysis Workflow","Automated Workflow","✓ Closed / Monitoring Queue","✓ Low",,"✓ Complete","✓ Close - Corrected Data","◆ Late Reporting Confirmed"
"EIR-2026-BULK-025","Case Assigned","2026-08-10T17:06:08.000Z","","Bradley Law","Human","⚠ High-Risk Fraud Review Queue","▲ High",,"✓ Complete","▲ Create Overpayment Review","▲ Overpayment Review Required"
"EIR-2026-BULK-025","Case Created","2026-08-10T17:06:08.000Z","","Bradley Law","Human","⚠ High-Risk Fraud Review Queue","▲ High",,"✓ Complete","▲ Create Overpayment Review","▲ Overpayment Review Required"
"EIR-2026-BULK-025","AI Analysis Result Recorded","2026-08-10T18:22:50.000Z","","Seeded Demo Analysis Workflow","Automated Workflow","⚠ High-Risk Fraud Review Queue","▲ High",,"✓ Complete","▲ Create Overpayment Review","▲ Overpayment Review Required"
"EIR-2026-BULK-026","Evidence Received","2026-07-27T00:00:00.000Z","","Bradley Law","Human","◆ Evidence Needed Queue","▲ High","9200","✓ Verified","",""
"EIR-2026-BULK-026","Case Assigned","2026-08-10T17:06:12.000Z","","Bradley Law","Human","◆ Evidence Needed Queue","▲ High","9200","◷ In Progress","◷ Request More Information","◷ Insufficient Evidence"
"EIR-2026-BULK-026","Case Created","2026-08-10T17:06:12.000Z","","Bradley Law","Human","◆ Evidence Needed Queue","▲ High","9200","◷ In Progress","◷ Request More Information","◷ Insufficient Evidence"
"EIR-2026-BULK-026","Earnings Discrepancy Recorded","2026-08-10T17:07:36.000Z","","Synthetic Wage Feed","Automated Workflow","◆ Evidence Needed Queue","▲ High","9200","","",""
"EIR-2026-BULK-026","Earnings Signal Received","2026-08-10T17:07:36.000Z","","Synthetic Wage Feed","Automated Workflow","◆ Evidence Needed Queue","▲ High","9200","","",""
"EIR-2026-BULK-026","Analyst Finding Drafted","2026-08-10T17:07:37.000Z","","Demo Data Analyst","Human","◆ Evidence Needed Queue","▲ High","9200","","◷ Request More Information",""
"EIR-2026-BULK-026","AI Analysis Result Recorded","2026-08-10T18:22:50.000Z","","Seeded Demo Analysis Workflow","Automated Workflow","◆ Evidence Needed Queue","▲ High","9200","◷ In Progress","◷ Request More Information","◷ Insufficient Evidence"
"EIR-2026-BULK-027","Evidence Received","2026-07-28T00:00:00.000Z","","Bradley Law","Human","ℹ Employer Verification Queue","◷ Medium","8750","✓ Verified","",""
"EIR-2026-BULK-027","Case Assigned","2026-08-10T17:06:15.000Z","","Bradley Law","Human","ℹ Employer Verification Queue","◷ Medium","8750","◷ In Progress","◷ Contact Employer","◷ Referred for Further Review"
"EIR-2026-BULK-027","Case Created","2026-08-10T17:06:15.000Z","","Bradley Law","Human","ℹ Employer Verification Queue","◷ Medium","8750","◷ In Progress","◷ Contact Employer","◷ Referred for Further Review"
"EIR-2026-BULK-027","Earnings Discrepancy Recorded","2026-08-10T17:07:37.000Z","","Synthetic Wage Feed","Automated Workflow","ℹ Employer Verification Queue","◷ Medium","8750","","",""
"EIR-2026-BULK-027","Earnings Signal Received","2026-08-10T17:07:37.000Z","","Synthetic Wage Feed","Automated Workflow","ℹ Employer Verification Queue","◷ Medium","8750","","",""
"EIR-2026-BULK-027","Analyst Finding Drafted","2026-08-10T17:07:38.000Z","","Demo Data Analyst","Human","ℹ Employer Verification Queue","◷ Medium","8750","","◷ Contact Employer",""
"EIR-2026-BULK-027","AI Analysis Result Recorded","2026-08-10T18:22:50.000Z","","Seeded Demo Analysis Workflow","Automated Workflow","ℹ Employer Verification Queue","◷ Medium","8750","◷ In Progress","◷ Contact Employer","◷ Referred for Further Review"
"EIR-2026-BULK-028","Evidence Received","2026-07-29T00:00:00.000Z","","Bradley Law","Human","✓ Closed / Monitoring Queue","✓ Low","3600","✓ Verified","",""
"EIR-2026-BULK-028","Case Assigned","2026-08-10T17:06:18.000Z","","Bradley Law","Human","✓ Closed / Monitoring Queue","✓ Low","3600","✓ Complete","✓ Close - Corrected Data","◆ Late Reporting Confirmed"
"EIR-2026-BULK-028","Case Created","2026-08-10T17:06:18.000Z","","Bradley Law","Human","✓ Closed / Monitoring Queue","✓ Low","3600","✓ Complete","✓ Close - Corrected Data","◆ Late Reporting Confirmed"
"EIR-2026-BULK-028","Earnings Discrepancy Recorded","2026-08-10T17:07:38.000Z","","Synthetic Wage Feed","Automated Workflow","✓ Closed / Monitoring Queue","✓ Low","3600","","",""
"EIR-2026-BULK-028","Earnings Signal Received","2026-08-10T17:07:38.000Z","","Synthetic Wage Feed","Automated Workflow","✓ Closed / Monitoring Queue","✓ Low","3600","","",""
"EIR-2026-BULK-028","Analyst Finding Drafted","2026-08-10T17:07:39.000Z","","Demo Data Analyst","Human","✓ Closed / Monitoring Queue","✓ Low","3600","","✓ Close - Corrected Data",""
"EIR-2026-BULK-028","AI Analysis Result Recorded","2026-08-10T18:22:51.000Z","","Seeded Demo Analysis Workflow","Automated Workflow","✓ Closed / Monitoring Queue","✓ Low","3600","✓ Complete","✓ Close - Corrected Data","◆ Late Reporting Confirmed"
"EIR-2026-BULK-029","Evidence Received","2026-07-30T00:00:00.000Z","","Bradley Law","Human","⚠ High-Risk Fraud Review Queue","▲ High","12400","✓ Verified","",""
"EIR-2026-BULK-029","Case Assigned","2026-08-10T17:06:21.000Z","","Bradley Law","Human","⚠ High-Risk Fraud Review Queue","▲ High","12400","✓ Complete","▲ Create Overpayment Review","▲ Overpayment Review Required"
"EIR-2026-BULK-029","Case Created","2026-08-10T17:06:21.000Z","","Bradley Law","Human","⚠ High-Risk Fraud Review Queue","▲ High","12400","✓ Complete","▲ Create Overpayment Review","▲ Overpayment Review Required"
"EIR-2026-BULK-029","Analyst Finding Drafted","2026-08-10T17:07:39.000Z","","Demo Data Analyst","Human","⚠ High-Risk Fraud Review Queue","▲ High","12400","","▲ Create Overpayment Review",""
"EIR-2026-BULK-029","Earnings Discrepancy Recorded","2026-08-10T17:07:39.000Z","","Synthetic Wage Feed","Automated Workflow","⚠ High-Risk Fraud Review Queue","▲ High","12400","","",""
"EIR-2026-BULK-029","Earnings Signal Received","2026-08-10T17:07:39.000Z","","Synthetic Wage Feed","Automated Workflow","⚠ High-Risk Fraud Review Queue","▲ High","12400","","",""
"EIR-2026-BULK-029","AI Analysis Result Recorded","2026-08-10T18:22:51.000Z","","Seeded Demo Analysis Workflow","Automated Workflow","⚠ High-Risk Fraud Review Queue","▲ High","12400","✓ Complete","▲ Create Overpayment Review","▲ Overpayment Review Required"
"EIR-2026-BULK-030","Evidence Received","2026-07-31T00:00:00.000Z","","Bradley Law","Human","◆ Evidence Needed Queue","▲ High","9200","✓ Verified","",""
"EIR-2026-BULK-030","Case Assigned","2026-08-10T17:06:24.000Z","","Bradley Law","Human","◆ Evidence Needed Queue","▲ High","9200","◷ In Progress","◷ Request More Information","◷ Insufficient Evidence"
"EIR-2026-BULK-030","Case Created","2026-08-10T17:06:24.000Z","","Bradley Law","Human","◆ Evidence Needed Queue","▲ High","9200","◷ In Progress","◷ Request More Information","◷ Insufficient Evidence"
"EIR-2026-BULK-030","Analyst Finding Drafted","2026-08-10T17:07:40.000Z","","Demo Data Analyst","Human","◆ Evidence Needed Queue","▲ High","9200","","◷ Request More Information",""
"EIR-2026-BULK-030","Earnings Discrepancy Recorded","2026-08-10T17:07:40.000Z","","Synthetic Wage Feed","Automated Workflow","◆ Evidence Needed Queue","▲ High","9200","","",""
"EIR-2026-BULK-030","Earnings Signal Received","2026-08-10T17:07:40.000Z","","Synthetic Wage Feed","Automated Workflow","◆ Evidence Needed Queue","▲ High","9200","","",""
"EIR-2026-BULK-030","AI Analysis Result Recorded","2026-08-10T18:22:51.000Z","","Seeded Demo Analysis Workflow","Automated Workflow","◆ Evidence Needed Queue","▲ High","9200","◷ In Progress","◷ Request More Information","◷ Insufficient Evidence"
"EIR-2026-BULK-031","Evidence Received","2026-08-01T00:00:00.000Z","","Bradley Law","Human","ℹ Employer Verification Queue","◷ Medium","8750","✓ Verified","",""
"EIR-2026-BULK-031","Case Assigned","2026-08-10T17:06:27.000Z","","Bradley Law","Human","ℹ Employer Verification Queue","◷ Medium","8750","◷ In Progress","◷ Contact Employer","◷ Referred for Further Review"
"EIR-2026-BULK-031","Case Created","2026-08-10T17:06:27.000Z","","Bradley Law","Human","ℹ Employer Verification Queue","◷ Medium","8750","◷ In Progress","◷ Contact Employer","◷ Referred for Further Review"
"EIR-2026-BULK-031","Earnings Discrepancy Recorded","2026-08-10T17:07:40.000Z","","Synthetic Wage Feed","Automated Workflow","ℹ Employer Verification Queue","◷ Medium","8750","","",""
"EIR-2026-BULK-031","Earnings Signal Received","2026-08-10T17:07:40.000Z","","Synthetic Wage Feed","Automated Workflow","ℹ Employer Verification Queue","◷ Medium","8750","","",""
"EIR-2026-BULK-031","Analyst Finding Drafted","2026-08-10T17:07:41.000Z","","Demo Data Analyst","Human","ℹ Employer Verification Queue","◷ Medium","8750","","◷ Contact Employer",""
"EIR-2026-BULK-031","AI Analysis Result Recorded","2026-08-10T18:22:52.000Z","","Seeded Demo Analysis Workflow","Automated Workflow","ℹ Employer Verification Queue","◷ Medium","8750","◷ In Progress","◷ Contact Employer","◷ Referred for Further Review"
"EIR-2026-BULK-031","Risk Triage Work Item Scheduled","2026-09-06T17:00:00.000Z","2026-09-08T01:00:00.000Z","Bradley Law","Human","ℹ Employer Verification Queue","◷ Medium","8750","","",""
"EIR-2026-BULK-031","Evidence Review Work Item Scheduled","2026-09-08T17:00:00.000Z","2026-09-10T01:00:00.000Z","Bradley Law","Human","ℹ Employer Verification Queue","◷ Medium","8750","","",""
"EIR-2026-BULK-031","Disposition Work Item Scheduled","2026-09-10T17:00:00.000Z","2026-09-12T01:00:00.000Z","Bradley Law","Human","ℹ Employer Verification Queue","◷ Medium","8750","","",""
"EIR-2026-BULK-032","Evidence Received","2026-08-02T00:00:00.000Z","","Bradley Law","Human","✓ Closed / Monitoring Queue","✓ Low","3600","✓ Verified","",""
"EIR-2026-BULK-032","Case Assigned","2026-08-10T17:06:31.000Z","","Bradley Law","Human","✓ Closed / Monitoring Queue","✓ Low","3600","✓ Complete","✓ Close - Corrected Data","◆ Late Reporting Confirmed"
"EIR-2026-BULK-032","Case Created","2026-08-10T17:06:31.000Z","","Bradley Law","Human","✓ Closed / Monitoring Queue","✓ Low","3600","✓ Complete","✓ Close - Corrected Data","◆ Late Reporting Confirmed"
"EIR-2026-BULK-032","Analyst Finding Drafted","2026-08-10T17:07:41.000Z","","Demo Data Analyst","Human","✓ Closed / Monitoring Queue","✓ Low","3600","","✓ Close - Corrected Data",""
"EIR-2026-BULK-032","Earnings Discrepancy Recorded","2026-08-10T17:07:41.000Z","","Synthetic Wage Feed","Automated Workflow","✓ Closed / Monitoring Queue","✓ Low","3600","","",""
"EIR-2026-BULK-032","Earnings Signal Received","2026-08-10T17:07:41.000Z","","Synthetic Wage Feed","Automated Workflow","✓ Closed / Monitoring Queue","✓ Low","3600","","",""
"EIR-2026-BULK-032","AI Analysis Result Recorded","2026-08-10T18:22:52.000Z","","Seeded Demo Analysis Workflow","Automated Workflow","✓ Closed / Monitoring Queue","✓ Low","3600","✓ Complete","✓ Close - Corrected Data","◆ Late Reporting Confirmed"
"EIR-2026-BULK-032","Risk Triage Work Item Scheduled","2026-09-06T17:00:00.000Z","2026-09-08T01:00:00.000Z","Bradley Law","Human","✓ Closed / Monitoring Queue","✓ Low","3600","","",""
"EIR-2026-BULK-032","Evidence Review Work Item Scheduled","2026-09-08T17:00:00.000Z","2026-09-10T01:00:00.000Z","Bradley Law","Human","✓ Closed / Monitoring Queue","✓ Low","3600","","",""
"EIR-2026-BULK-032","Disposition Work Item Scheduled","2026-09-10T17:00:00.000Z","2026-09-12T01:00:00.000Z","Bradley Law","Human","✓ Closed / Monitoring Queue","✓ Low","3600","","",""
"EIR-2026-BULK-033","Evidence Received","2026-08-03T00:00:00.000Z","","Bradley Law","Human","⚠ High-Risk Fraud Review Queue","▲ High","12400","✓ Verified","",""
"EIR-2026-BULK-033","Case Assigned","2026-08-10T17:06:34.000Z","","Bradley Law","Human","⚠ High-Risk Fraud Review Queue","▲ High","12400","✓ Complete","▲ Create Overpayment Review","▲ Overpayment Review Required"
"EIR-2026-BULK-033","Case Created","2026-08-10T17:06:34.000Z","","Bradley Law","Human","⚠ High-Risk Fraud Review Queue","▲ High","12400","✓ Complete","▲ Create Overpayment Review","▲ Overpayment Review Required"
"EIR-2026-BULK-033","Analyst Finding Drafted","2026-08-10T17:07:42.000Z","","Demo Data Analyst","Human","⚠ High-Risk Fraud Review Queue","▲ High","12400","","▲ Create Overpayment Review",""
"EIR-2026-BULK-033","Earnings Discrepancy Recorded","2026-08-10T17:07:42.000Z","","Synthetic Wage Feed","Automated Workflow","⚠ High-Risk Fraud Review Queue","▲ High","12400","","",""
"EIR-2026-BULK-033","Earnings Signal Received","2026-08-10T17:07:42.000Z","","Synthetic Wage Feed","Automated Workflow","⚠ High-Risk Fraud Review Queue","▲ High","12400","","",""
"EIR-2026-BULK-033","AI Analysis Result Recorded","2026-08-10T18:22:53.000Z","","Seeded Demo Analysis Workflow","Automated Workflow","⚠ High-Risk Fraud Review Queue","▲ High","12400","✓ Complete","▲ Create Overpayment Review","▲ Overpayment Review Required"
"EIR-2026-BULK-033","Risk Triage Work Item Scheduled","2026-09-06T17:00:00.000Z","2026-09-08T01:00:00.000Z","Bradley Law","Human","⚠ High-Risk Fraud Review Queue","▲ High","12400","","",""
"EIR-2026-BULK-033","Evidence Review Work Item Scheduled","2026-09-08T17:00:00.000Z","2026-09-10T01:00:00.000Z","Bradley Law","Human","⚠ High-Risk Fraud Review Queue","▲ High","12400","","",""
"EIR-2026-BULK-033","Disposition Work Item Scheduled","2026-09-10T17:00:00.000Z","2026-09-12T01:00:00.000Z","Bradley Law","Human","⚠ High-Risk Fraud Review Queue","▲ High","12400","","",""
"EIR-2026-BULK-034","Evidence Received","2026-08-04T00:00:00.000Z","","Bradley Law","Human","◆ Evidence Needed Queue","▲ High","9200","✓ Verified","",""
"EIR-2026-BULK-034","Case Assigned","2026-08-10T17:06:37.000Z","","Bradley Law","Human","◆ Evidence Needed Queue","▲ High","9200","◷ In Progress","◷ Request More Information","◷ Insufficient Evidence"
"EIR-2026-BULK-034","Case Created","2026-08-10T17:06:37.000Z","","Bradley Law","Human","◆ Evidence Needed Queue","▲ High","9200","◷ In Progress","◷ Request More Information","◷ Insufficient Evidence"
"EIR-2026-BULK-034","Analyst Finding Drafted","2026-08-10T17:07:43.000Z","","Demo Data Analyst","Human","◆ Evidence Needed Queue","▲ High","9200","","◷ Request More Information",""
"EIR-2026-BULK-034","Earnings Discrepancy Recorded","2026-08-10T17:07:43.000Z","","Synthetic Wage Feed","Automated Workflow","◆ Evidence Needed Queue","▲ High","9200","","",""
"EIR-2026-BULK-034","Earnings Signal Received","2026-08-10T17:07:43.000Z","","Synthetic Wage Feed","Automated Workflow","◆ Evidence Needed Queue","▲ High","9200","","",""
"EIR-2026-BULK-034","AI Analysis Result Recorded","2026-08-10T18:22:53.000Z","","Seeded Demo Analysis Workflow","Automated Workflow","◆ Evidence Needed Queue","▲ High","9200","◷ In Progress","◷ Request More Information","◷ Insufficient Evidence"
"EIR-2026-BULK-034","Risk Triage Work Item Scheduled","2026-09-06T17:00:00.000Z","2026-09-08T01:00:00.000Z","Bradley Law","Human","◆ Evidence Needed Queue","▲ High","9200","","",""
"EIR-2026-BULK-034","Evidence Review Work Item Scheduled","2026-09-08T17:00:00.000Z","2026-09-10T01:00:00.000Z","Bradley Law","Human","◆ Evidence Needed Queue","▲ High","9200","","",""
"EIR-2026-BULK-034","Disposition Work Item Scheduled","2026-09-10T17:00:00.000Z","2026-09-12T01:00:00.000Z","Bradley Law","Human","◆ Evidence Needed Queue","▲ High","9200","","",""
"EIR-2026-BULK-035","Evidence Received","2026-08-05T00:00:00.000Z","","Bradley Law","Human","ℹ Employer Verification Queue","◷ Medium","8750","✓ Verified","",""
"EIR-2026-BULK-035","Case Assigned","2026-08-10T17:06:40.000Z","","Bradley Law","Human","ℹ Employer Verification Queue","◷ Medium","8750","◷ In Progress","◷ Contact Employer","◷ Referred for Further Review"
"EIR-2026-BULK-035","Case Created","2026-08-10T17:06:40.000Z","","Bradley Law","Human","ℹ Employer Verification Queue","◷ Medium","8750","◷ In Progress","◷ Contact Employer","◷ Referred for Further Review"
"EIR-2026-BULK-035","Earnings Discrepancy Recorded","2026-08-10T17:07:43.000Z","","Synthetic Wage Feed","Automated Workflow","ℹ Employer Verification Queue","◷ Medium","8750","","",""
"EIR-2026-BULK-035","Earnings Signal Received","2026-08-10T17:07:43.000Z","","Synthetic Wage Feed","Automated Workflow","ℹ Employer Verification Queue","◷ Medium","8750","","",""
"EIR-2026-BULK-035","Analyst Finding Drafted","2026-08-10T17:07:44.000Z","","Demo Data Analyst","Human","ℹ Employer Verification Queue","◷ Medium","8750","","◷ Contact Employer",""
"EIR-2026-BULK-035","AI Analysis Result Recorded","2026-08-10T18:22:53.000Z","","Seeded Demo Analysis Workflow","Automated Workflow","ℹ Employer Verification Queue","◷ Medium","8750","◷ In Progress","◷ Contact Employer","◷ Referred for Further Review"
"EIR-2026-BULK-035","Risk Triage Work Item Scheduled","2026-09-06T17:00:00.000Z","2026-09-08T01:00:00.000Z","Bradley Law","Human","ℹ Employer Verification Queue","◷ Medium","8750","","",""
"EIR-2026-BULK-035","Evidence Review Work Item Scheduled","2026-09-08T17:00:00.000Z","2026-09-10T01:00:00.000Z","Bradley Law","Human","ℹ Employer Verification Queue","◷ Medium","8750","","",""
"EIR-2026-BULK-035","Disposition Work Item Scheduled","2026-09-10T17:00:00.000Z","2026-09-12T01:00:00.000Z","Bradley Law","Human","ℹ Employer Verification Queue","◷ Medium","8750","","",""
"EIR-2026-BULK-036","Evidence Received","2026-08-06T00:00:00.000Z","","Bradley Law","Human","✓ Closed / Monitoring Queue","✓ Low","3600","✓ Verified","",""
"EIR-2026-BULK-036","Case Assigned","2026-08-10T17:06:44.000Z","","Bradley Law","Human","✓ Closed / Monitoring Queue","✓ Low","3600","✓ Complete","✓ Close - Corrected Data","◆ Late Reporting Confirmed"
"EIR-2026-BULK-036","Case Created","2026-08-10T17:06:44.000Z","","Bradley Law","Human","✓ Closed / Monitoring Queue","✓ Low","3600","✓ Complete","✓ Close - Corrected Data","◆ Late Reporting Confirmed"
"EIR-2026-BULK-036","Analyst Finding Drafted","2026-08-10T17:07:44.000Z","","Demo Data Analyst","Human","✓ Closed / Monitoring Queue","✓ Low","3600","","✓ Close - Corrected Data",""
"EIR-2026-BULK-036","Earnings Discrepancy Recorded","2026-08-10T17:07:44.000Z","","Synthetic Wage Feed","Automated Workflow","✓ Closed / Monitoring Queue","✓ Low","3600","","",""
"EIR-2026-BULK-036","Earnings Signal Received","2026-08-10T17:07:44.000Z","","Synthetic Wage Feed","Automated Workflow","✓ Closed / Monitoring Queue","✓ Low","3600","","",""
"EIR-2026-BULK-036","AI Analysis Result Recorded","2026-08-10T18:22:53.000Z","","Seeded Demo Analysis Workflow","Automated Workflow","✓ Closed / Monitoring Queue","✓ Low","3600","✓ Complete","✓ Close - Corrected Data","◆ Late Reporting Confirmed"
"EIR-2026-BULK-036","Risk Triage Work Item Scheduled","2026-08-30T17:00:00.000Z","2026-09-01T01:00:00.000Z","Bradley Law","Human","✓ Closed / Monitoring Queue","✓ Low","3600","","",""
"EIR-2026-BULK-036","Evidence Review Work Item Scheduled","2026-09-01T17:00:00.000Z","2026-09-03T01:00:00.000Z","Bradley Law","Human","✓ Closed / Monitoring Queue","✓ Low","3600","","",""
"EIR-2026-BULK-036","Disposition Work Item Scheduled","2026-09-03T17:00:00.000Z","2026-09-05T01:00:00.000Z","Bradley Law","Human","✓ Closed / Monitoring Queue","✓ Low","3600","","",""
"EIR-2026-BULK-037","Evidence Received","2026-08-07T00:00:00.000Z","","Bradley Law","Human","⚠ High-Risk Fraud Review Queue","▲ High","12400","✓ Verified","",""
"EIR-2026-BULK-037","Case Assigned","2026-08-10T17:06:47.000Z","","Bradley Law","Human","⚠ High-Risk Fraud Review Queue","▲ High","12400","✓ Complete","▲ Create Overpayment Review","▲ Overpayment Review Required"
"EIR-2026-BULK-037","Case Created","2026-08-10T17:06:47.000Z","","Bradley Law","Human","⚠ High-Risk Fraud Review Queue","▲ High","12400","✓ Complete","▲ Create Overpayment Review","▲ Overpayment Review Required"
"EIR-2026-BULK-037","Analyst Finding Drafted","2026-08-10T17:07:45.000Z","","Demo Data Analyst","Human","⚠ High-Risk Fraud Review Queue","▲ High","12400","","▲ Create Overpayment Review",""
"EIR-2026-BULK-037","Earnings Discrepancy Recorded","2026-08-10T17:07:45.000Z","","Synthetic Wage Feed","Automated Workflow","⚠ High-Risk Fraud Review Queue","▲ High","12400","","",""
"EIR-2026-BULK-037","Earnings Signal Received","2026-08-10T17:07:45.000Z","","Synthetic Wage Feed","Automated Workflow","⚠ High-Risk Fraud Review Queue","▲ High","12400","","",""
"EIR-2026-BULK-037","AI Analysis Result Recorded","2026-08-10T18:22:54.000Z","","Seeded Demo Analysis Workflow","Automated Workflow","⚠ High-Risk Fraud Review Queue","▲ High","12400","✓ Complete","▲ Create Overpayment Review","▲ Overpayment Review Required"
"EIR-2026-BULK-037","Risk Triage Work Item Scheduled","2026-08-30T17:00:00.000Z","2026-09-01T01:00:00.000Z","Bradley Law","Human","⚠ High-Risk Fraud Review Queue","▲ High","12400","","",""
"EIR-2026-BULK-037","Evidence Review Work Item Scheduled","2026-09-01T17:00:00.000Z","2026-09-03T01:00:00.000Z","Bradley Law","Human","⚠ High-Risk Fraud Review Queue","▲ High","12400","","",""
"EIR-2026-BULK-037","Disposition Work Item Scheduled","2026-09-03T17:00:00.000Z","2026-09-05T01:00:00.000Z","Bradley Law","Human","⚠ High-Risk Fraud Review Queue","▲ High","12400","","",""
"EIR-2026-BULK-038","Evidence Received","2026-08-08T00:00:00.000Z","","Bradley Law","Human","◆ Evidence Needed Queue","▲ High","9200","✓ Verified","",""
"EIR-2026-BULK-038","Case Assigned","2026-08-10T17:06:50.000Z","","Bradley Law","Human","◆ Evidence Needed Queue","▲ High","9200","◷ In Progress","◷ Request More Information","◷ Insufficient Evidence"
"EIR-2026-BULK-038","Case Created","2026-08-10T17:06:50.000Z","","Bradley Law","Human","◆ Evidence Needed Queue","▲ High","9200","◷ In Progress","◷ Request More Information","◷ Insufficient Evidence"
"EIR-2026-BULK-038","Earnings Discrepancy Recorded","2026-08-10T17:07:45.000Z","","Synthetic Wage Feed","Automated Workflow","◆ Evidence Needed Queue","▲ High","9200","","",""
"EIR-2026-BULK-038","Earnings Signal Received","2026-08-10T17:07:45.000Z","","Synthetic Wage Feed","Automated Workflow","◆ Evidence Needed Queue","▲ High","9200","","",""
"EIR-2026-BULK-038","Analyst Finding Drafted","2026-08-10T17:07:46.000Z","","Demo Data Analyst","Human","◆ Evidence Needed Queue","▲ High","9200","","◷ Request More Information",""
"EIR-2026-BULK-038","AI Analysis Result Recorded","2026-08-10T18:22:54.000Z","","Seeded Demo Analysis Workflow","Automated Workflow","◆ Evidence Needed Queue","▲ High","9200","◷ In Progress","◷ Request More Information","◷ Insufficient Evidence"
"EIR-2026-BULK-038","Risk Triage Work Item Scheduled","2026-08-30T17:00:00.000Z","2026-09-01T01:00:00.000Z","Bradley Law","Human","◆ Evidence Needed Queue","▲ High","9200","","",""
"EIR-2026-BULK-038","Evidence Review Work Item Scheduled","2026-09-01T17:00:00.000Z","2026-09-03T01:00:00.000Z","Bradley Law","Human","◆ Evidence Needed Queue","▲ High","9200","","",""
"EIR-2026-BULK-038","Disposition Work Item Scheduled","2026-09-03T17:00:00.000Z","2026-09-05T01:00:00.000Z","Bradley Law","Human","◆ Evidence Needed Queue","▲ High","9200","","",""
"EIR-2026-BULK-039","Evidence Received","2026-08-09T00:00:00.000Z","","Bradley Law","Human","ℹ Employer Verification Queue","◷ Medium","8750","✓ Verified","",""
"EIR-2026-BULK-039","Case Assigned","2026-08-10T17:06:53.000Z","","Bradley Law","Human","ℹ Employer Verification Queue","◷ Medium","8750","◷ In Progress","◷ Contact Employer","◷ Referred for Further Review"
"EIR-2026-BULK-039","Case Created","2026-08-10T17:06:53.000Z","","Bradley Law","Human","ℹ Employer Verification Queue","◷ Medium","8750","◷ In Progress","◷ Contact Employer","◷ Referred for Further Review"
"EIR-2026-BULK-039","Earnings Discrepancy Recorded","2026-08-10T17:07:46.000Z","","Synthetic Wage Feed","Automated Workflow","ℹ Employer Verification Queue","◷ Medium","8750","","",""
"EIR-2026-BULK-039","Earnings Signal Received","2026-08-10T17:07:46.000Z","","Synthetic Wage Feed","Automated Workflow","ℹ Employer Verification Queue","◷ Medium","8750","","",""
"EIR-2026-BULK-039","Analyst Finding Drafted","2026-08-10T17:07:47.000Z","","Demo Data Analyst","Human","ℹ Employer Verification Queue","◷ Medium","8750","","◷ Contact Employer",""
"EIR-2026-BULK-039","AI Analysis Result Recorded","2026-08-10T18:22:54.000Z","","Seeded Demo Analysis Workflow","Automated Workflow","ℹ Employer Verification Queue","◷ Medium","8750","◷ In Progress","◷ Contact Employer","◷ Referred for Further Review"
"EIR-2026-BULK-039","Risk Triage Work Item Scheduled","2026-08-30T17:00:00.000Z","2026-09-01T01:00:00.000Z","Bradley Law","Human","ℹ Employer Verification Queue","◷ Medium","8750","","",""
"EIR-2026-BULK-039","Evidence Review Work Item Scheduled","2026-09-01T17:00:00.000Z","2026-09-03T01:00:00.000Z","Bradley Law","Human","ℹ Employer Verification Queue","◷ Medium","8750","","",""
"EIR-2026-BULK-039","Disposition Work Item Scheduled","2026-09-03T17:00:00.000Z","2026-09-05T01:00:00.000Z","Bradley Law","Human","ℹ Employer Verification Queue","◷ Medium","8750","","",""
"EIR-2026-BULK-040","Evidence Received","2026-08-10T00:00:00.000Z","","Bradley Law","Human","✓ Closed / Monitoring Queue","✓ Low","3600","✓ Verified","",""
"EIR-2026-BULK-040","Case Assigned","2026-08-10T17:06:56.000Z","","Bradley Law","Human","✓ Closed / Monitoring Queue","✓ Low","3600","✓ Complete","✓ Close - Corrected Data","◆ Late Reporting Confirmed"
"EIR-2026-BULK-040","Case Created","2026-08-10T17:06:56.000Z","","Bradley Law","Human","✓ Closed / Monitoring Queue","✓ Low","3600","✓ Complete","✓ Close - Corrected Data","◆ Late Reporting Confirmed"
"EIR-2026-BULK-040","Analyst Finding Drafted","2026-08-10T17:07:47.000Z","","Demo Data Analyst","Human","✓ Closed / Monitoring Queue","✓ Low","3600","","✓ Close - Corrected Data",""
"EIR-2026-BULK-040","Earnings Discrepancy Recorded","2026-08-10T17:07:47.000Z","","Synthetic Wage Feed","Automated Workflow","✓ Closed / Monitoring Queue","✓ Low","3600","","",""
"EIR-2026-BULK-040","Earnings Signal Received","2026-08-10T17:07:47.000Z","","Synthetic Wage Feed","Automated Workflow","✓ Closed / Monitoring Queue","✓ Low","3600","","",""
"EIR-2026-BULK-040","AI Analysis Result Recorded","2026-08-10T18:22:55.000Z","","Seeded Demo Analysis Workflow","Automated Workflow","✓ Closed / Monitoring Queue","✓ Low","3600","✓ Complete","✓ Close - Corrected Data","◆ Late Reporting Confirmed"
"EIR-2026-BULK-040","Risk Triage Work Item Scheduled","2026-08-30T17:00:00.000Z","2026-09-01T01:00:00.000Z","Bradley Law","Human","✓ Closed / Monitoring Queue","✓ Low","3600","","",""
"EIR-2026-BULK-040","Evidence Review Work Item Scheduled","2026-09-01T17:00:00.000Z","2026-09-03T01:00:00.000Z","Bradley Law","Human","✓ Closed / Monitoring Queue","✓ Low","3600","","",""
"EIR-2026-BULK-040","Disposition Work Item Scheduled","2026-09-03T17:00:00.000Z","2026-09-05T01:00:00.000Z","Bradley Law","Human","✓ Closed / Monitoring Queue","✓ Low","3600","","",""
"EIR-2026-BULK-041","Case Assigned","2026-08-10T17:07:00.000Z","","Bradley Law","Human","⚠ High-Risk Fraud Review Queue","▲ High","12400","✓ Complete","▲ Create Overpayment Review","▲ Overpayment Review Required"
"EIR-2026-BULK-041","Case Created","2026-08-10T17:07:00.000Z","","Bradley Law","Human","⚠ High-Risk Fraud Review Queue","▲ High","12400","✓ Complete","▲ Create Overpayment Review","▲ Overpayment Review Required"
"EIR-2026-BULK-041","Earnings Discrepancy Recorded","2026-08-10T17:07:48.000Z","","Synthetic Wage Feed","Automated Workflow","⚠ High-Risk Fraud Review Queue","▲ High","12400","","",""
"EIR-2026-BULK-041","Earnings Signal Received","2026-08-10T17:07:48.000Z","","Synthetic Wage Feed","Automated Workflow","⚠ High-Risk Fraud Review Queue","▲ High","12400","","",""
"EIR-2026-BULK-041","Analyst Finding Drafted","2026-08-10T17:07:49.000Z","","Demo Data Analyst","Human","⚠ High-Risk Fraud Review Queue","▲ High","12400","","▲ Create Overpayment Review",""
"EIR-2026-BULK-041","AI Analysis Result Recorded","2026-08-10T18:22:55.000Z","","Seeded Demo Analysis Workflow","Automated Workflow","⚠ High-Risk Fraud Review Queue","▲ High","12400","✓ Complete","▲ Create Overpayment Review","▲ Overpayment Review Required"
"EIR-2026-BULK-041","Evidence Received","2026-08-11T00:00:00.000Z","","Bradley Law","Human","⚠ High-Risk Fraud Review Queue","▲ High","12400","✓ Verified","",""
"EIR-2026-BULK-041","Risk Triage Work Item Scheduled","2026-08-23T17:00:00.000Z","2026-08-25T01:00:00.000Z","Bradley Law","Human","⚠ High-Risk Fraud Review Queue","▲ High","12400","","",""
"EIR-2026-BULK-041","Evidence Review Work Item Scheduled","2026-08-25T17:00:00.000Z","2026-08-27T01:00:00.000Z","Bradley Law","Human","⚠ High-Risk Fraud Review Queue","▲ High","12400","","",""
"EIR-2026-BULK-041","Disposition Work Item Scheduled","2026-08-27T17:00:00.000Z","2026-08-29T01:00:00.000Z","Bradley Law","Human","⚠ High-Risk Fraud Review Queue","▲ High","12400","","",""
"EIR-2026-BULK-042","Case Assigned","2026-08-10T17:07:03.000Z","","Bradley Law","Human","◆ Evidence Needed Queue","▲ High","9200","◷ In Progress","◷ Request More Information","◷ Insufficient Evidence"
"EIR-2026-BULK-042","Case Created","2026-08-10T17:07:03.000Z","","Bradley Law","Human","◆ Evidence Needed Queue","▲ High","9200","◷ In Progress","◷ Request More Information","◷ Insufficient Evidence"
"EIR-2026-BULK-042","Analyst Finding Drafted","2026-08-10T17:07:49.000Z","","Demo Data Analyst","Human","◆ Evidence Needed Queue","▲ High","9200","","◷ Request More Information",""
"EIR-2026-BULK-042","Earnings Discrepancy Recorded","2026-08-10T17:07:49.000Z","","Synthetic Wage Feed","Automated Workflow","◆ Evidence Needed Queue","▲ High","9200","","",""
"EIR-2026-BULK-042","Earnings Signal Received","2026-08-10T17:07:49.000Z","","Synthetic Wage Feed","Automated Workflow","◆ Evidence Needed Queue","▲ High","9200","","",""
"EIR-2026-BULK-042","AI Analysis Result Recorded","2026-08-10T18:22:55.000Z","","Seeded Demo Analysis Workflow","Automated Workflow","◆ Evidence Needed Queue","▲ High","9200","◷ In Progress","◷ Request More Information","◷ Insufficient Evidence"
"EIR-2026-BULK-042","Evidence Received","2026-08-12T00:00:00.000Z","","Bradley Law","Human","◆ Evidence Needed Queue","▲ High","9200","✓ Verified","",""
"EIR-2026-BULK-042","Risk Triage Work Item Scheduled","2026-08-23T17:00:00.000Z","2026-08-25T01:00:00.000Z","Bradley Law","Human","◆ Evidence Needed Queue","▲ High","9200","","",""
"EIR-2026-BULK-042","Evidence Review Work Item Scheduled","2026-08-25T17:00:00.000Z","2026-08-27T01:00:00.000Z","Bradley Law","Human","◆ Evidence Needed Queue","▲ High","9200","","",""
"EIR-2026-BULK-042","Disposition Work Item Scheduled","2026-08-27T17:00:00.000Z","2026-08-29T01:00:00.000Z","Bradley Law","Human","◆ Evidence Needed Queue","▲ High","9200","","",""
"EIR-2026-BULK-043","Case Assigned","2026-08-10T17:07:07.000Z","","Bradley Law","Human","ℹ Employer Verification Queue","◷ Medium","8750","◷ In Progress","◷ Contact Employer","◷ Referred for Further Review"
"EIR-2026-BULK-043","Case Created","2026-08-10T17:07:07.000Z","","Bradley Law","Human","ℹ Employer Verification Queue","◷ Medium","8750","◷ In Progress","◷ Contact Employer","◷ Referred for Further Review"
"EIR-2026-BULK-043","Analyst Finding Drafted","2026-08-10T17:07:50.000Z","","Demo Data Analyst","Human","ℹ Employer Verification Queue","◷ Medium","8750","","◷ Contact Employer",""
"EIR-2026-BULK-043","Earnings Discrepancy Recorded","2026-08-10T17:07:50.000Z","","Synthetic Wage Feed","Automated Workflow","ℹ Employer Verification Queue","◷ Medium","8750","","",""
"EIR-2026-BULK-043","Earnings Signal Received","2026-08-10T17:07:50.000Z","","Synthetic Wage Feed","Automated Workflow","ℹ Employer Verification Queue","◷ Medium","8750","","",""
"EIR-2026-BULK-043","AI Analysis Result Recorded","2026-08-10T18:22:55.000Z","","Seeded Demo Analysis Workflow","Automated Workflow","ℹ Employer Verification Queue","◷ Medium","8750","◷ In Progress","◷ Contact Employer","◷ Referred for Further Review"
"EIR-2026-BULK-043","Evidence Received","2026-08-13T00:00:00.000Z","","Bradley Law","Human","ℹ Employer Verification Queue","◷ Medium","8750","✓ Verified","",""
"EIR-2026-BULK-043","Risk Triage Work Item Scheduled","2026-08-23T17:00:00.000Z","2026-08-25T01:00:00.000Z","Bradley Law","Human","ℹ Employer Verification Queue","◷ Medium","8750","","",""
"EIR-2026-BULK-043","Evidence Review Work Item Scheduled","2026-08-25T17:00:00.000Z","2026-08-27T01:00:00.000Z","Bradley Law","Human","ℹ Employer Verification Queue","◷ Medium","8750","","",""
"EIR-2026-BULK-043","Disposition Work Item Scheduled","2026-08-27T17:00:00.000Z","2026-08-29T01:00:00.000Z","Bradley Law","Human","ℹ Employer Verification Queue","◷ Medium","8750","","",""
"EIR-2026-BULK-044","Case Assigned","2026-08-10T17:07:11.000Z","","Bradley Law","Human","✓ Closed / Monitoring Queue","✓ Low","3600","✓ Complete","✓ Close - Corrected Data","◆ Late Reporting Confirmed"
"EIR-2026-BULK-044","Case Created","2026-08-10T17:07:11.000Z","","Bradley Law","Human","✓ Closed / Monitoring Queue","✓ Low","3600","✓ Complete","✓ Close - Corrected Data","◆ Late Reporting Confirmed"
"EIR-2026-BULK-044","Earnings Discrepancy Recorded","2026-08-10T17:07:50.000Z","","Synthetic Wage Feed","Automated Workflow","✓ Closed / Monitoring Queue","✓ Low","3600","","",""
"EIR-2026-BULK-044","Earnings Signal Received","2026-08-10T17:07:50.000Z","","Synthetic Wage Feed","Automated Workflow","✓ Closed / Monitoring Queue","✓ Low","3600","","",""
"EIR-2026-BULK-044","Analyst Finding Drafted","2026-08-10T17:07:51.000Z","","Demo Data Analyst","Human","✓ Closed / Monitoring Queue","✓ Low","3600","","✓ Close - Corrected Data",""
"EIR-2026-BULK-044","AI Analysis Result Recorded","2026-08-10T18:22:56.000Z","","Seeded Demo Analysis Workflow","Automated Workflow","✓ Closed / Monitoring Queue","✓ Low","3600","✓ Complete","✓ Close - Corrected Data","◆ Late Reporting Confirmed"
"EIR-2026-BULK-044","Evidence Received","2026-08-14T00:00:00.000Z","","Bradley Law","Human","✓ Closed / Monitoring Queue","✓ Low","3600","✓ Verified","",""
"EIR-2026-BULK-044","Risk Triage Work Item Scheduled","2026-08-23T17:00:00.000Z","2026-08-25T01:00:00.000Z","Bradley Law","Human","✓ Closed / Monitoring Queue","✓ Low","3600","","",""
"EIR-2026-BULK-044","Evidence Review Work Item Scheduled","2026-08-25T17:00:00.000Z","2026-08-27T01:00:00.000Z","Bradley Law","Human","✓ Closed / Monitoring Queue","✓ Low","3600","","",""
"EIR-2026-BULK-044","Disposition Work Item Scheduled","2026-08-27T17:00:00.000Z","2026-08-29T01:00:00.000Z","Bradley Law","Human","✓ Closed / Monitoring Queue","✓ Low","3600","","",""
"EIR-2026-BULK-045","Case Assigned","2026-08-10T17:07:14.000Z","","Bradley Law","Human","⚠ High-Risk Fraud Review Queue","▲ High","12400","✓ Complete","▲ Create Overpayment Review","▲ Overpayment Review Required"
"EIR-2026-BULK-045","Case Created","2026-08-10T17:07:14.000Z","","Bradley Law","Human","⚠ High-Risk Fraud Review Queue","▲ High","12400","✓ Complete","▲ Create Overpayment Review","▲ Overpayment Review Required"
"EIR-2026-BULK-045","Earnings Discrepancy Recorded","2026-08-10T17:07:51.000Z","","Synthetic Wage Feed","Automated Workflow","⚠ High-Risk Fraud Review Queue","▲ High","12400","","",""
"EIR-2026-BULK-045","Earnings Signal Received","2026-08-10T17:07:51.000Z","","Synthetic Wage Feed","Automated Workflow","⚠ High-Risk Fraud Review Queue","▲ High","12400","","",""
"EIR-2026-BULK-045","Analyst Finding Drafted","2026-08-10T17:07:52.000Z","","Demo Data Analyst","Human","⚠ High-Risk Fraud Review Queue","▲ High","12400","","▲ Create Overpayment Review",""
"EIR-2026-BULK-045","AI Analysis Result Recorded","2026-08-10T18:22:56.000Z","","Seeded Demo Analysis Workflow","Automated Workflow","⚠ High-Risk Fraud Review Queue","▲ High","12400","✓ Complete","▲ Create Overpayment Review","▲ Overpayment Review Required"
"EIR-2026-BULK-045","Evidence Received","2026-08-15T00:00:00.000Z","","Bradley Law","Human","⚠ High-Risk Fraud Review Queue","▲ High","12400","✓ Verified","",""
"EIR-2026-BULK-045","Risk Triage Work Item Scheduled","2026-08-23T17:00:00.000Z","2026-08-25T01:00:00.000Z","Bradley Law","Human","⚠ High-Risk Fraud Review Queue","▲ High","12400","","",""
"EIR-2026-BULK-045","Evidence Review Work Item Scheduled","2026-08-25T17:00:00.000Z","2026-08-27T01:00:00.000Z","Bradley Law","Human","⚠ High-Risk Fraud Review Queue","▲ High","12400","","",""
"EIR-2026-BULK-045","Disposition Work Item Scheduled","2026-08-27T17:00:00.000Z","2026-08-29T01:00:00.000Z","Bradley Law","Human","⚠ High-Risk Fraud Review Queue","▲ High","12400","","",""
"EIR-2026-BULK-046","Case Assigned","2026-08-10T17:07:17.000Z","","Bradley Law","Human","◆ Evidence Needed Queue","▲ High","9200","◷ In Progress","◷ Request More Information","◷ Insufficient Evidence"
"EIR-2026-BULK-046","Case Created","2026-08-10T17:07:17.000Z","","Bradley Law","Human","◆ Evidence Needed Queue","▲ High","9200","◷ In Progress","◷ Request More Information","◷ Insufficient Evidence"
"EIR-2026-BULK-046","Earnings Discrepancy Recorded","2026-08-10T17:07:52.000Z","","Synthetic Wage Feed","Automated Workflow","◆ Evidence Needed Queue","▲ High","9200","","",""
"EIR-2026-BULK-046","Earnings Signal Received","2026-08-10T17:07:52.000Z","","Synthetic Wage Feed","Automated Workflow","◆ Evidence Needed Queue","▲ High","9200","","",""
"EIR-2026-BULK-046","Analyst Finding Drafted","2026-08-10T17:07:53.000Z","","Demo Data Analyst","Human","◆ Evidence Needed Queue","▲ High","9200","","◷ Request More Information",""
"EIR-2026-BULK-046","AI Analysis Result Recorded","2026-08-10T18:22:56.000Z","","Seeded Demo Analysis Workflow","Automated Workflow","◆ Evidence Needed Queue","▲ High","9200","◷ In Progress","◷ Request More Information","◷ Insufficient Evidence"
"EIR-2026-BULK-046","Evidence Received","2026-08-16T00:00:00.000Z","","Bradley Law","Human","◆ Evidence Needed Queue","▲ High","9200","✓ Verified","",""
"EIR-2026-BULK-046","Risk Triage Work Item Scheduled","2026-08-16T17:00:00.000Z","2026-08-18T01:00:00.000Z","Bradley Law","Human","◆ Evidence Needed Queue","▲ High","9200","","",""
"EIR-2026-BULK-046","Evidence Review Work Item Scheduled","2026-08-18T17:00:00.000Z","2026-08-20T01:00:00.000Z","Bradley Law","Human","◆ Evidence Needed Queue","▲ High","9200","","",""
"EIR-2026-BULK-046","Disposition Work Item Scheduled","2026-08-20T17:00:00.000Z","2026-08-22T01:00:00.000Z","Bradley Law","Human","◆ Evidence Needed Queue","▲ High","9200","","",""
"EIR-2026-BULK-047","Case Assigned","2026-08-10T17:07:21.000Z","","Bradley Law","Human","ℹ Employer Verification Queue","◷ Medium","8750","◷ In Progress","◷ Contact Employer","◷ Referred for Further Review"
"EIR-2026-BULK-047","Case Created","2026-08-10T17:07:21.000Z","","Bradley Law","Human","ℹ Employer Verification Queue","◷ Medium","8750","◷ In Progress","◷ Contact Employer","◷ Referred for Further Review"
"EIR-2026-BULK-047","Earnings Discrepancy Recorded","2026-08-10T17:07:53.000Z","","Synthetic Wage Feed","Automated Workflow","ℹ Employer Verification Queue","◷ Medium","8750","","",""
"EIR-2026-BULK-047","Earnings Signal Received","2026-08-10T17:07:53.000Z","","Synthetic Wage Feed","Automated Workflow","ℹ Employer Verification Queue","◷ Medium","8750","","",""
"EIR-2026-BULK-047","Analyst Finding Drafted","2026-08-10T17:07:54.000Z","","Demo Data Analyst","Human","ℹ Employer Verification Queue","◷ Medium","8750","","◷ Contact Employer",""
"EIR-2026-BULK-047","AI Analysis Result Recorded","2026-08-10T18:22:57.000Z","","Seeded Demo Analysis Workflow","Automated Workflow","ℹ Employer Verification Queue","◷ Medium","8750","◷ In Progress","◷ Contact Employer","◷ Referred for Further Review"
"EIR-2026-BULK-047","Risk Triage Work Item Scheduled","2026-08-16T17:00:00.000Z","2026-08-18T01:00:00.000Z","Bradley Law","Human","ℹ Employer Verification Queue","◷ Medium","8750","","",""
"EIR-2026-BULK-047","Evidence Received","2026-08-17T00:00:00.000Z","","Bradley Law","Human","ℹ Employer Verification Queue","◷ Medium","8750","✓ Verified","",""
"EIR-2026-BULK-047","Evidence Review Work Item Scheduled","2026-08-18T17:00:00.000Z","2026-08-20T01:00:00.000Z","Bradley Law","Human","ℹ Employer Verification Queue","◷ Medium","8750","","",""
"EIR-2026-BULK-047","Disposition Work Item Scheduled","2026-08-20T17:00:00.000Z","2026-08-22T01:00:00.000Z","Bradley Law","Human","ℹ Employer Verification Queue","◷ Medium","8750","","",""
"EIR-2026-BULK-048","Case Assigned","2026-08-10T17:07:24.000Z","","Bradley Law","Human","✓ Closed / Monitoring Queue","✓ Low","3600","✓ Complete","✓ Close - Corrected Data","◆ Late Reporting Confirmed"
"EIR-2026-BULK-048","Case Created","2026-08-10T17:07:24.000Z","","Bradley Law","Human","✓ Closed / Monitoring Queue","✓ Low","3600","✓ Complete","✓ Close - Corrected Data","◆ Late Reporting Confirmed"
"EIR-2026-BULK-048","Earnings Discrepancy Recorded","2026-08-10T17:07:54.000Z","","Synthetic Wage Feed","Automated Workflow","✓ Closed / Monitoring Queue","✓ Low","3600","","",""
"EIR-2026-BULK-048","Earnings Signal Received","2026-08-10T17:07:54.000Z","","Synthetic Wage Feed","Automated Workflow","✓ Closed / Monitoring Queue","✓ Low","3600","","",""
"EIR-2026-BULK-048","Analyst Finding Drafted","2026-08-10T17:07:55.000Z","","Demo Data Analyst","Human","✓ Closed / Monitoring Queue","✓ Low","3600","","✓ Close - Corrected Data",""
"EIR-2026-BULK-048","AI Analysis Result Recorded","2026-08-10T18:22:57.000Z","","Seeded Demo Analysis Workflow","Automated Workflow","✓ Closed / Monitoring Queue","✓ Low","3600","✓ Complete","✓ Close - Corrected Data","◆ Late Reporting Confirmed"
"EIR-2026-BULK-048","Risk Triage Work Item Scheduled","2026-08-16T17:00:00.000Z","2026-08-18T01:00:00.000Z","Bradley Law","Human","✓ Closed / Monitoring Queue","✓ Low","3600","","",""
"EIR-2026-BULK-048","Evidence Received","2026-08-18T00:00:00.000Z","","Bradley Law","Human","✓ Closed / Monitoring Queue","✓ Low","3600","✓ Verified","",""
"EIR-2026-BULK-048","Evidence Review Work Item Scheduled","2026-08-18T17:00:00.000Z","2026-08-20T01:00:00.000Z","Bradley Law","Human","✓ Closed / Monitoring Queue","✓ Low","3600","","",""
"EIR-2026-BULK-048","Disposition Work Item Scheduled","2026-08-20T17:00:00.000Z","2026-08-22T01:00:00.000Z","Bradley Law","Human","✓ Closed / Monitoring Queue","✓ Low","3600","","",""
"EIR-2026-BULK-049","Case Assigned","2026-08-10T17:07:29.000Z","","Bradley Law","Human","⚠ High-Risk Fraud Review Queue","▲ High","12400","✓ Complete","▲ Create Overpayment Review","▲ Overpayment Review Required"
"EIR-2026-BULK-049","Case Created","2026-08-10T17:07:29.000Z","","Bradley Law","Human","⚠ High-Risk Fraud Review Queue","▲ High","12400","✓ Complete","▲ Create Overpayment Review","▲ Overpayment Review Required"
"EIR-2026-BULK-049","Analyst Finding Drafted","2026-08-10T17:07:55.000Z","","Demo Data Analyst","Human","⚠ High-Risk Fraud Review Queue","▲ High","12400","","▲ Create Overpayment Review",""
"EIR-2026-BULK-049","Earnings Discrepancy Recorded","2026-08-10T17:07:55.000Z","","Synthetic Wage Feed","Automated Workflow","⚠ High-Risk Fraud Review Queue","▲ High","12400","","",""
"EIR-2026-BULK-049","Earnings Signal Received","2026-08-10T17:07:55.000Z","","Synthetic Wage Feed","Automated Workflow","⚠ High-Risk Fraud Review Queue","▲ High","12400","","",""
"EIR-2026-BULK-049","AI Analysis Result Recorded","2026-08-11T18:38:17.000Z","","Seeded Demo Analysis Workflow","Automated Workflow","⚠ High-Risk Fraud Review Queue","▲ High","12400","✓ Complete","▲ Create Overpayment Review","▲ Overpayment Review Required"
"EIR-2026-BULK-049","Risk Triage Work Item Scheduled","2026-08-16T17:00:00.000Z","2026-08-18T01:00:00.000Z","Bradley Law","Human","⚠ High-Risk Fraud Review Queue","▲ High","12400","","",""
"EIR-2026-BULK-049","Evidence Review Work Item Scheduled","2026-08-18T17:00:00.000Z","2026-08-20T01:00:00.000Z","Bradley Law","Human","⚠ High-Risk Fraud Review Queue","▲ High","12400","","",""
"EIR-2026-BULK-049","Evidence Received","2026-08-19T00:00:00.000Z","","Bradley Law","Human","⚠ High-Risk Fraud Review Queue","▲ High","12400","✓ Verified","",""
"EIR-2026-BULK-049","Disposition Work Item Scheduled","2026-08-20T17:00:00.000Z","2026-08-22T01:00:00.000Z","Bradley Law","Human","⚠ High-Risk Fraud Review Queue","▲ High","12400","","",""
"EIR-2026-BULK-050","Case Assigned","2026-08-10T17:07:32.000Z","","Bradley Law","Human","◆ Evidence Needed Queue","▲ High","9200","◷ In Progress","◷ Request More Information","◷ Insufficient Evidence"
"EIR-2026-BULK-050","Case Created","2026-08-10T17:07:32.000Z","","Bradley Law","Human","◆ Evidence Needed Queue","▲ High","9200","◷ In Progress","◷ Request More Information","◷ Insufficient Evidence"
"EIR-2026-BULK-050","Analyst Finding Drafted","2026-08-10T17:07:56.000Z","","Demo Data Analyst","Human","◆ Evidence Needed Queue","▲ High","9200","","◷ Request More Information",""
"EIR-2026-BULK-050","Earnings Discrepancy Recorded","2026-08-10T17:07:56.000Z","","Synthetic Wage Feed","Automated Workflow","◆ Evidence Needed Queue","▲ High","9200","","",""
"EIR-2026-BULK-050","Earnings Signal Received","2026-08-10T17:07:56.000Z","","Synthetic Wage Feed","Automated Workflow","◆ Evidence Needed Queue","▲ High","9200","","",""
"EIR-2026-BULK-050","AI Analysis Result Recorded","2026-08-10T18:22:58.000Z","","Seeded Demo Analysis Workflow","Automated Workflow","◆ Evidence Needed Queue","▲ High","9200","◷ In Progress","◷ Request More Information","◷ Insufficient Evidence"
"EIR-2026-BULK-050","Risk Triage Work Item Scheduled","2026-08-16T17:00:00.000Z","2026-08-18T01:00:00.000Z","Bradley Law","Human","◆ Evidence Needed Queue","▲ High","9200","","",""
"EIR-2026-BULK-050","Evidence Review Work Item Scheduled","2026-08-18T17:00:00.000Z","2026-08-20T01:00:00.000Z","Bradley Law","Human","◆ Evidence Needed Queue","▲ High","9200","","",""
"EIR-2026-BULK-050","Evidence Received","2026-08-20T00:00:00.000Z","","Bradley Law","Human","◆ Evidence Needed Queue","▲ High","9200","✓ Verified","",""
"EIR-2026-BULK-050","Disposition Work Item Scheduled","2026-08-20T17:00:00.000Z","2026-08-22T01:00:00.000Z","Bradley Law","Human","◆ Evidence Needed Queue","▲ High","9200","","",""
"EIR-PM-2026-CRITICAL","Earnings Signal Received","2026-04-27T17:00:00.000Z","","Earnings Signal Intake Flow","Automated Workflow","Earnings Review Intake Queue","⚠ Critical","28600","","",""
"EIR-PM-2026-CRITICAL","Case Created","2026-04-27T17:05:00.000Z","","Case Intake Workflow","Automated Workflow","Earnings Review Intake Queue","⚠ Critical","28600","","",""
"EIR-PM-2026-CRITICAL","Risk Triage Started","2026-04-27T20:00:00.000Z","","Avery Johnson","Human","Fraud Escalation Queue","⚠ Critical","28600","","",""
"EIR-PM-2026-CRITICAL","Case Assigned","2026-04-27T22:00:00.000Z","","Avery Johnson","Human","Fraud Escalation Queue","⚠ Critical","28600","","",""
"EIR-PM-2026-CRITICAL","Earnings Discrepancy Reviewed","2026-04-28T17:00:00.000Z","","Avery Johnson","Human","Fraud Escalation Queue","⚠ Critical","28600","","",""
"EIR-PM-2026-CRITICAL","Evidence Requested","2026-04-28T19:00:00.000Z","","Avery Johnson","Human","Evidence Needed Queue","⚠ Critical","28600","Requested","",""
"EIR-PM-2026-CRITICAL","Evidence Received","2026-04-30T17:00:00.000Z","","Document Intake Workflow","Automated Workflow","Evidence Needed Queue","⚠ Critical","28600","Received","",""
"EIR-PM-2026-CRITICAL","Evidence Validated","2026-05-01T17:00:00.000Z","","Avery Johnson","Human","Fraud Escalation Queue","⚠ Critical","28600","Verified","",""
"EIR-PM-2026-CRITICAL","Earnings Analysis Completed","2026-05-03T17:00:00.000Z","","Avery Johnson","Human","Fraud Escalation Queue","⚠ Critical","28600","","",""
"EIR-PM-2026-CRITICAL","Analyst Finding Drafted","2026-05-04T17:00:00.000Z","","Avery Johnson","Human","Fraud Escalation Queue","⚠ Critical","28600","","⚠ Create Fraud Escalation Package",""
"EIR-PM-2026-CRITICAL","Case Assigned","2026-05-05T17:00:00.000Z","","Morgan Lee","Human","High-Risk Fraud Review Queue","⚠ Critical","28600","","",""
"EIR-PM-2026-CRITICAL","Analyst Finding Submitted","2026-05-06T17:00:00.000Z","","Morgan Lee","Human","Supervisor Approval Queue","⚠ Critical","28600","","⚠ Create Fraud Escalation Package",""
"EIR-PM-2026-CRITICAL","Supervisor Review Started","2026-05-07T17:00:00.000Z","","Jordan Patel","Human","Supervisor Approval Queue","⚠ Critical","28600","","",""
"EIR-PM-2026-CRITICAL","Supervisor Approved","2026-05-08T17:00:00.000Z","","Jordan Patel","Human","Supervisor Approval Queue","⚠ Critical","28600","","⚠ Create Fraud Escalation Package",""
"EIR-PM-2026-CRITICAL","Case Escalated","2026-05-09T17:00:00.000Z","","Jordan Patel","Human","Fraud Escalation Queue","⚠ Critical","28600","","Create Fraud Escalation Package",""
"EIR-PM-2026-CRITICAL","Case Closed / Disposition Completed","2026-05-11T17:00:00.000Z","","Jordan Patel","Human","Closed / Monitoring Queue","⚠ Critical","28600","Complete","⚠ Create Fraud Escalation Package","⚠ Fraud Escalation Required"
"EIR-PM-2026-HIGH","Earnings Signal Received","2026-04-20T17:00:00.000Z","","Earnings Signal Intake Flow","Automated Workflow","Earnings Review Intake Queue","▲ High","16400","","",""
"EIR-PM-2026-HIGH","Case Created","2026-04-20T17:05:00.000Z","","Case Intake Workflow","Automated Workflow","Earnings Review Intake Queue","▲ High","16400","","",""
"EIR-PM-2026-HIGH","Risk Triage Started","2026-04-20T20:00:00.000Z","","Avery Johnson","Human","Supervisor Approval Queue","▲ High","16400","","",""
"EIR-PM-2026-HIGH","Case Assigned","2026-04-20T22:00:00.000Z","","Avery Johnson","Human","Supervisor Approval Queue","▲ High","16400","","",""
"EIR-PM-2026-HIGH","Earnings Discrepancy Reviewed","2026-04-21T17:00:00.000Z","","Avery Johnson","Human","Supervisor Approval Queue","▲ High","16400","","",""
"EIR-PM-2026-HIGH","Evidence Requested","2026-04-21T19:00:00.000Z","","Avery Johnson","Human","Evidence Needed Queue","▲ High","16400","Requested","",""
"EIR-PM-2026-HIGH","Evidence Received","2026-04-23T17:00:00.000Z","","Document Intake Workflow","Automated Workflow","Evidence Needed Queue","▲ High","16400","Received","",""
"EIR-PM-2026-HIGH","Evidence Validated","2026-04-24T17:00:00.000Z","","Avery Johnson","Human","Supervisor Approval Queue","▲ High","16400","Verified","",""
"EIR-PM-2026-HIGH","Earnings Analysis Completed","2026-04-25T17:00:00.000Z","","Avery Johnson","Human","Supervisor Approval Queue","▲ High","16400","","",""
"EIR-PM-2026-HIGH","Analyst Finding Drafted","2026-04-26T17:00:00.000Z","","Avery Johnson","Human","Supervisor Approval Queue","▲ High","16400","","▲ Create Overpayment Review",""
"EIR-PM-2026-HIGH","Analyst Finding Submitted","2026-04-27T17:00:00.000Z","","Avery Johnson","Human","Supervisor Approval Queue","▲ High","16400","","▲ Create Overpayment Review",""
"EIR-PM-2026-HIGH","Supervisor Review Started","2026-04-28T17:00:00.000Z","","Jordan Patel","Human","Supervisor Approval Queue","▲ High","16400","","",""
"EIR-PM-2026-HIGH","Case Returned to Analyst","2026-04-29T17:00:00.000Z","","Jordan Patel","Human","Evidence Needed Queue","▲ High","16400","","▲ Create Overpayment Review",""
"EIR-PM-2026-HIGH","Finding Revised","2026-05-01T17:00:00.000Z","","Avery Johnson","Human","Evidence Needed Queue","▲ High","16400","","▲ Create Overpayment Review",""
"EIR-PM-2026-HIGH","Analyst Finding Submitted","2026-05-02T17:00:00.000Z","","Avery Johnson","Human","Supervisor Approval Queue","▲ High","16400","","▲ Create Overpayment Review",""
"EIR-PM-2026-HIGH","Supervisor Approved","2026-05-03T17:00:00.000Z","","Jordan Patel","Human","Supervisor Approval Queue","▲ High","16400","","▲ Create Overpayment Review",""
"EIR-PM-2026-HIGH","Case Closed / Disposition Completed","2026-05-05T17:00:00.000Z","","Jordan Patel","Human","Closed / Monitoring Queue","▲ High","16400","Complete","▲ Create Overpayment Review","▲ Overpayment Review Required"
"EIR-PM-2026-LOW","Earnings Signal Received","2026-04-06T17:00:00.000Z","","Earnings Signal Intake Flow","Automated Workflow","Earnings Review Intake Queue","✓ Low","3200","","",""
"EIR-PM-2026-LOW","Case Created","2026-04-06T17:05:00.000Z","","Case Intake Workflow","Automated Workflow","Earnings Review Intake Queue","✓ Low","3200","","",""
"EIR-PM-2026-LOW","Risk Triage Started","2026-04-06T20:00:00.000Z","","Avery Johnson","Human","Low-Risk Earnings Review Queue","✓ Low","3200","","",""
"EIR-PM-2026-LOW","Case Assigned","2026-04-06T22:00:00.000Z","","Avery Johnson","Human","Low-Risk Earnings Review Queue","✓ Low","3200","","",""
"EIR-PM-2026-LOW","Earnings Discrepancy Reviewed","2026-04-07T17:00:00.000Z","","Avery Johnson","Human","Low-Risk Earnings Review Queue","✓ Low","3200","","",""
"EIR-PM-2026-LOW","Evidence Requested","2026-04-07T19:00:00.000Z","","Avery Johnson","Human","Evidence Needed Queue","✓ Low","3200","Requested","",""
"EIR-PM-2026-LOW","Evidence Received","2026-04-09T17:00:00.000Z","","Document Intake Workflow","Automated Workflow","Evidence Needed Queue","✓ Low","3200","Received","",""
"EIR-PM-2026-LOW","Evidence Validated","2026-04-10T17:00:00.000Z","","Avery Johnson","Human","Low-Risk Earnings Review Queue","✓ Low","3200","Verified","",""
"EIR-PM-2026-LOW","Earnings Analysis Completed","2026-04-12T17:00:00.000Z","","Avery Johnson","Human","Low-Risk Earnings Review Queue","✓ Low","3200","","",""
"EIR-PM-2026-LOW","Analyst Finding Drafted","2026-04-13T17:00:00.000Z","","Avery Johnson","Human","Low-Risk Earnings Review Queue","✓ Low","3200","","✓ Close - Corrected Data",""
"EIR-PM-2026-LOW","Case Closed / Disposition Completed","2026-04-15T17:00:00.000Z","","Jordan Patel","Human","Closed / Monitoring Queue","✓ Low","3200","Complete","✓ Close - Corrected Data","✓ Data Corrected"
"EIR-PM-2026-MEDIUM","Earnings Signal Received","2026-04-13T17:00:00.000Z","","Earnings Signal Intake Flow","Automated Workflow","Earnings Review Intake Queue","◷ Medium","7800","","",""
"EIR-PM-2026-MEDIUM","Case Created","2026-04-13T17:05:00.000Z","","Case Intake Workflow","Automated Workflow","Earnings Review Intake Queue","◷ Medium","7800","","",""
"EIR-PM-2026-MEDIUM","Risk Triage Started","2026-04-13T20:00:00.000Z","","Avery Johnson","Human","Evidence Needed Queue","◷ Medium","7800","","",""
"EIR-PM-2026-MEDIUM","Case Assigned","2026-04-13T22:00:00.000Z","","Avery Johnson","Human","Evidence Needed Queue","◷ Medium","7800","","",""
"EIR-PM-2026-MEDIUM","Earnings Discrepancy Reviewed","2026-04-14T17:00:00.000Z","","Avery Johnson","Human","Evidence Needed Queue","◷ Medium","7800","","",""
"EIR-PM-2026-MEDIUM","Evidence Requested","2026-04-14T19:00:00.000Z","","Avery Johnson","Human","Evidence Needed Queue","◷ Medium","7800","Requested","",""
"EIR-PM-2026-MEDIUM","Evidence Received","2026-04-16T17:00:00.000Z","","Document Intake Workflow","Automated Workflow","Evidence Needed Queue","◷ Medium","7800","Received","",""
"EIR-PM-2026-MEDIUM","Evidence Validated","2026-04-17T17:00:00.000Z","","Avery Johnson","Human","Evidence Needed Queue","◷ Medium","7800","Verified","",""
"EIR-PM-2026-MEDIUM","Additional Evidence Requested","2026-04-18T17:00:00.000Z","","Avery Johnson","Human","Evidence Needed Queue","◷ Medium","7800","Requested","",""
"EIR-PM-2026-MEDIUM","Earnings Analysis Completed","2026-04-19T17:00:00.000Z","","Avery Johnson","Human","Evidence Needed Queue","◷ Medium","7800","","",""
"EIR-PM-2026-MEDIUM","Analyst Finding Drafted","2026-04-20T17:00:00.000Z","","Avery Johnson","Human","Evidence Needed Queue","◷ Medium","7800","","◷ Contact Employer",""
"EIR-PM-2026-MEDIUM","Evidence Received","2026-04-25T17:00:00.000Z","","Morgan Lee","Human","Evidence Needed Queue","◷ Medium","7800","Received","",""
"EIR-PM-2026-MEDIUM","Case Closed / Disposition Completed","2026-04-29T17:00:00.000Z","","Jordan Patel","Human","Closed / Monitoring Queue","◷ Medium","7800","Complete","◷ Contact Employer","◷ Referred for Further Review"
