"IssueType","Severity","CaseId","ActivityName","Timestamp","Details","RecordCount","Recommendation"
"AuditHistoryUnavailable","High","ALL","","","No incident audit rows exist for the scoped Cases. Explicit event history is available for 12 enriched Cases; other historical transitions cannot be reconstructed.","58","Enable auditing for incident and process-critical columns before future demonstrations."
"EventPredatesCaseCreation","High","EIR-2025-0033","Evidence Received","2025-06-20T00:00:00.000Z","Business event timestamp predates the Dataverse Case creation timestamp, consistent with late-loaded demo history.","1","Preserve as business history but document synthetic loading; use overriddencreatedon or a dedicated occurrence timestamp for future seeds."
"EventPredatesCaseCreation","High","EIR-2025-0033","Evidence Received","2025-06-22T00:00:00.000Z","Business event timestamp predates the Dataverse Case creation timestamp, consistent with late-loaded demo history.","1","Preserve as business history but document synthetic loading; use overriddencreatedon or a dedicated occurrence timestamp for future seeds."
"EventPredatesCaseCreation","High","EIR-2025-0041","Evidence Received","2025-07-10T00:00:00.000Z","Business event timestamp predates the Dataverse Case creation timestamp, consistent with late-loaded demo history.","1","Preserve as business history but document synthetic loading; use overriddencreatedon or a dedicated occurrence timestamp for future seeds."
"EventPredatesCaseCreation","High","EIR-2025-0041","Evidence Received","2025-07-12T00:00:00.000Z","Business event timestamp predates the Dataverse Case creation timestamp, consistent with late-loaded demo history.","1","Preserve as business history but document synthetic loading; use overriddencreatedon or a dedicated occurrence timestamp for future seeds."
"EventPredatesCaseCreation","High","EIR-2025-0041","Evidence Received","2025-07-15T00:00:00.000Z","Business event timestamp predates the Dataverse Case creation timestamp, consistent with late-loaded demo history.","1","Preserve as business history but document synthetic loading; use overriddencreatedon or a dedicated occurrence timestamp for future seeds."
"EventPredatesCaseCreation","High","EIR-2025-0052","Evidence Received","2025-06-10T00:00:00.000Z","Business event timestamp predates the Dataverse Case creation timestamp, consistent with late-loaded demo history.","1","Preserve as business history but document synthetic loading; use overriddencreatedon or a dedicated occurrence timestamp for future seeds."
"EventPredatesCaseCreation","High","EIR-2025-0052","Evidence Received","2025-06-10T00:00:00.000Z","Business event timestamp predates the Dataverse Case creation timestamp, consistent with late-loaded demo history.","1","Preserve as business history but document synthetic loading; use overriddencreatedon or a dedicated occurrence timestamp for future seeds."
"EventPredatesCaseCreation","High","EIR-2025-0052","Evidence Received","2025-06-13T00:00:00.000Z","Business event timestamp predates the Dataverse Case creation timestamp, consistent with late-loaded demo history.","1","Preserve as business history but document synthetic loading; use overriddencreatedon or a dedicated occurrence timestamp for future seeds."
"EventPredatesCaseCreation","High","EIR-2025-0067","Evidence Received","2025-07-10T00:00:00.000Z","Business event timestamp predates the Dataverse Case creation timestamp, consistent with late-loaded demo history.","1","Preserve as business history but document synthetic loading; use overriddencreatedon or a dedicated occurrence timestamp for future seeds."
"EventPredatesCaseCreation","High","EIR-2026-BULK-026","Evidence Received","2026-07-27T00:00:00.000Z","Business event timestamp predates the Dataverse Case creation timestamp, consistent with late-loaded demo history.","1","Preserve as business history but document synthetic loading; use overriddencreatedon or a dedicated occurrence timestamp for future seeds."
"EventPredatesCaseCreation","High","EIR-2026-BULK-027","Evidence Received","2026-07-28T00:00:00.000Z","Business event timestamp predates the Dataverse Case creation timestamp, consistent with late-loaded demo history.","1","Preserve as business history but document synthetic loading; use overriddencreatedon or a dedicated occurrence timestamp for future seeds."
"EventPredatesCaseCreation","High","EIR-2026-BULK-028","Evidence Received","2026-07-29T00:00:00.000Z","Business event timestamp predates the Dataverse Case creation timestamp, consistent with late-loaded demo history.","1","Preserve as business history but document synthetic loading; use overriddencreatedon or a dedicated occurrence timestamp for future seeds."
"EventPredatesCaseCreation","High","EIR-2026-BULK-029","Evidence Received","2026-07-30T00:00:00.000Z","Business event timestamp predates the Dataverse Case creation timestamp, consistent with late-loaded demo history.","1","Preserve as business history but document synthetic loading; use overriddencreatedon or a dedicated occurrence timestamp for future seeds."
"EventPredatesCaseCreation","High","EIR-2026-BULK-030","Evidence Received","2026-07-31T00:00:00.000Z","Business event timestamp predates the Dataverse Case creation timestamp, consistent with late-loaded demo history.","1","Preserve as business history but document synthetic loading; use overriddencreatedon or a dedicated occurrence timestamp for future seeds."
"EventPredatesCaseCreation","High","EIR-2026-BULK-031","Evidence Received","2026-08-01T00:00:00.000Z","Business event timestamp predates the Dataverse Case creation timestamp, consistent with late-loaded demo history.","1","Preserve as business history but document synthetic loading; use overriddencreatedon or a dedicated occurrence timestamp for future seeds."
"EventPredatesCaseCreation","High","EIR-2026-BULK-032","Evidence Received","2026-08-02T00:00:00.000Z","Business event timestamp predates the Dataverse Case creation timestamp, consistent with late-loaded demo history.","1","Preserve as business history but document synthetic loading; use overriddencreatedon or a dedicated occurrence timestamp for future seeds."
"EventPredatesCaseCreation","High","EIR-2026-BULK-033","Evidence Received","2026-08-03T00:00:00.000Z","Business event timestamp predates the Dataverse Case creation timestamp, consistent with late-loaded demo history.","1","Preserve as business history but document synthetic loading; use overriddencreatedon or a dedicated occurrence timestamp for future seeds."
"EventPredatesCaseCreation","High","EIR-2026-BULK-034","Evidence Received","2026-08-04T00:00:00.000Z","Business event timestamp predates the Dataverse Case creation timestamp, consistent with late-loaded demo history.","1","Preserve as business history but document synthetic loading; use overriddencreatedon or a dedicated occurrence timestamp for future seeds."
"EventPredatesCaseCreation","High","EIR-2026-BULK-035","Evidence Received","2026-08-05T00:00:00.000Z","Business event timestamp predates the Dataverse Case creation timestamp, consistent with late-loaded demo history.","1","Preserve as business history but document synthetic loading; use overriddencreatedon or a dedicated occurrence timestamp for future seeds."
"EventPredatesCaseCreation","High","EIR-2026-BULK-036","Evidence Received","2026-08-06T00:00:00.000Z","Business event timestamp predates the Dataverse Case creation timestamp, consistent with late-loaded demo history.","1","Preserve as business history but document synthetic loading; use overriddencreatedon or a dedicated occurrence timestamp for future seeds."
"EventPredatesCaseCreation","High","EIR-2026-BULK-037","Evidence Received","2026-08-07T00:00:00.000Z","Business event timestamp predates the Dataverse Case creation timestamp, consistent with late-loaded demo history.","1","Preserve as business history but document synthetic loading; use overriddencreatedon or a dedicated occurrence timestamp for future seeds."
"EventPredatesCaseCreation","High","EIR-2026-BULK-038","Evidence Received","2026-08-08T00:00:00.000Z","Business event timestamp predates the Dataverse Case creation timestamp, consistent with late-loaded demo history.","1","Preserve as business history but document synthetic loading; use overriddencreatedon or a dedicated occurrence timestamp for future seeds."
"EventPredatesCaseCreation","High","EIR-2026-BULK-039","Evidence Received","2026-08-09T00:00:00.000Z","Business event timestamp predates the Dataverse Case creation timestamp, consistent with late-loaded demo history.","1","Preserve as business history but document synthetic loading; use overriddencreatedon or a dedicated occurrence timestamp for future seeds."
"EventPredatesCaseCreation","High","EIR-2026-BULK-040","Evidence Received","2026-08-10T00:00:00.000Z","Business event timestamp predates the Dataverse Case creation timestamp, consistent with late-loaded demo history.","1","Preserve as business history but document synthetic loading; use overriddencreatedon or a dedicated occurrence timestamp for future seeds."
"EventPredatesCaseCreation","High","EIR-PM-2026-CRITICAL","Earnings Signal Received","2026-04-27T17:00:00.000Z","Business event timestamp predates the Dataverse Case creation timestamp, consistent with late-loaded demo history.","1","Preserve as business history but document synthetic loading; use overriddencreatedon or a dedicated occurrence timestamp for future seeds."
"EventPredatesCaseCreation","High","EIR-PM-2026-HIGH","Earnings Signal Received","2026-04-20T17:00:00.000Z","Business event timestamp predates the Dataverse Case creation timestamp, consistent with late-loaded demo history.","1","Preserve as business history but document synthetic loading; use overriddencreatedon or a dedicated occurrence timestamp for future seeds."
"EventPredatesCaseCreation","High","EIR-PM-2026-LOW","Earnings Signal Received","2026-04-06T17:00:00.000Z","Business event timestamp predates the Dataverse Case creation timestamp, consistent with late-loaded demo history.","1","Preserve as business history but document synthetic loading; use overriddencreatedon or a dedicated occurrence timestamp for future seeds."
"EventPredatesCaseCreation","High","EIR-PM-2026-MEDIUM","Earnings Signal Received","2026-04-13T17:00:00.000Z","Business event timestamp predates the Dataverse Case creation timestamp, consistent with late-loaded demo history.","1","Preserve as business history but document synthetic loading; use overriddencreatedon or a dedicated occurrence timestamp for future seeds."
"InsufficientHistory","High","EIR-2026-BULK-009","","","Case has only 3 usable event rows.","3","Add explicit task completions, transitions, or immutable process events."
"InsufficientHistory","High","EIR-2026-BULK-010","","","Case has only 3 usable event rows.","3","Add explicit task completions, transitions, or immutable process events."
"InsufficientHistory","High","EIR-2026-BULK-011","","","Case has only 3 usable event rows.","3","Add explicit task completions, transitions, or immutable process events."
"InsufficientHistory","High","EIR-2026-BULK-012","","","Case has only 3 usable event rows.","3","Add explicit task completions, transitions, or immutable process events."
"InsufficientHistory","High","EIR-2026-BULK-013","","","Case has only 3 usable event rows.","3","Add explicit task completions, transitions, or immutable process events."
"InsufficientHistory","High","EIR-2026-BULK-014","","","Case has only 3 usable event rows.","3","Add explicit task completions, transitions, or immutable process events."
"InsufficientHistory","High","EIR-2026-BULK-015","","","Case has only 3 usable event rows.","3","Add explicit task completions, transitions, or immutable process events."
"InsufficientHistory","High","EIR-2026-BULK-016","","","Case has only 3 usable event rows.","3","Add explicit task completions, transitions, or immutable process events."
"InsufficientHistory","High","EIR-2026-BULK-017","","","Case has only 3 usable event rows.","3","Add explicit task completions, transitions, or immutable process events."
"InsufficientHistory","High","EIR-2026-BULK-018","","","Case has only 3 usable event rows.","3","Add explicit task completions, transitions, or immutable process events."
"InsufficientHistory","High","EIR-2026-BULK-019","","","Case has only 3 usable event rows.","3","Add explicit task completions, transitions, or immutable process events."
"InsufficientHistory","High","EIR-2026-BULK-020","","","Case has only 3 usable event rows.","3","Add explicit task completions, transitions, or immutable process events."
"InsufficientHistory","High","EIR-2026-BULK-021","","","Case has only 3 usable event rows.","3","Add explicit task completions, transitions, or immutable process events."
"InsufficientHistory","High","EIR-2026-BULK-022","","","Case has only 3 usable event rows.","3","Add explicit task completions, transitions, or immutable process events."
"InsufficientHistory","High","EIR-2026-BULK-023","","","Case has only 3 usable event rows.","3","Add explicit task completions, transitions, or immutable process events."
"InsufficientHistory","High","EIR-2026-BULK-024","","","Case has only 3 usable event rows.","3","Add explicit task completions, transitions, or immutable process events."
"InsufficientHistory","High","EIR-2026-BULK-025","","","Case has only 3 usable event rows.","3","Add explicit task completions, transitions, or immutable process events."
"AnalysisCapability","Low","ALL","Process variants","","Supported for the 12-Case explicit cohort; existing-only Cases still contain scheduled or inferred events.","58","Use the explicit cohort for variant analysis and label conclusions as demonstration results."
"AnalysisCapability","Low","ALL","Analyst versus supervisor handoffs","","Supported for the explicit cohort through dated submission, review-start, return, and approval events.","12","Filter to explicit process events for defensible handoff analysis."
"AnalysisCapability","Low","ALL","Reassignment","","Supported for the explicit cohort; unavailable historically for other Cases because incident audit rows are absent.","12","Filter to explicit process events or enable owner auditing for future Cases."
"AnalysisCapability","Low","ALL","Human versus automated activity","","Supported for human and automated workflow events. No live event proves that an AI model was called; seeded AI summaries are correctly classified as Automated Workflow.","58","Instrument actual AI invocation/completion events if AI-agent comparison is required."
"AnalysisCapability","Low","ALL","Risk-level differences","","Supported for descriptive comparison: all four risk levels are represented, but Critical has only one Case and longitudinal timing is weak.","58","Add more Critical cases and completed histories for balanced duration comparisons."
"AnalysisCapability","Low","ALL","Rework and returns","","Supported for the explicit cohort through dated additional-evidence, return, and revision events.","12","Filter to explicit process events for rework analysis."
"DateOnlyTimestamp","Low","EIR-2025-0033","Evidence Received","2025-06-20T00:00:00.000Z","earnint_receiveddate stores a date without time; midnight is a normalization placeholder.","1","Capture an event date-time for sequencing within a day."
"DateOnlyTimestamp","Low","EIR-2025-0033","Evidence Received","2025-06-22T00:00:00.000Z","earnint_receiveddate stores a date without time; midnight is a normalization placeholder.","1","Capture an event date-time for sequencing within a day."
"DateOnlyTimestamp","Low","EIR-2025-0041","Evidence Received","2025-07-10T00:00:00.000Z","earnint_receiveddate stores a date without time; midnight is a normalization placeholder.","1","Capture an event date-time for sequencing within a day."
"DateOnlyTimestamp","Low","EIR-2025-0041","Evidence Received","2025-07-12T00:00:00.000Z","earnint_receiveddate stores a date without time; midnight is a normalization placeholder.","1","Capture an event date-time for sequencing within a day."
"DateOnlyTimestamp","Low","EIR-2025-0041","Evidence Received","2025-07-15T00:00:00.000Z","earnint_receiveddate stores a date without time; midnight is a normalization placeholder.","1","Capture an event date-time for sequencing within a day."
"DateOnlyTimestamp","Low","EIR-2025-0052","Evidence Received","2025-06-10T00:00:00.000Z","earnint_receiveddate stores a date without time; midnight is a normalization placeholder.","1","Capture an event date-time for sequencing within a day."
"DateOnlyTimestamp","Low","EIR-2025-0052","Evidence Received","2025-06-10T00:00:00.000Z","earnint_receiveddate stores a date without time; midnight is a normalization placeholder.","1","Capture an event date-time for sequencing within a day."
"DateOnlyTimestamp","Low","EIR-2025-0052","Evidence Received","2025-06-13T00:00:00.000Z","earnint_receiveddate stores a date without time; midnight is a normalization placeholder.","1","Capture an event date-time for sequencing within a day."
"DateOnlyTimestamp","Low","EIR-2025-0067","Evidence Received","2025-07-10T00:00:00.000Z","earnint_receiveddate stores a date without time; midnight is a normalization placeholder.","1","Capture an event date-time for sequencing within a day."
"DateOnlyTimestamp","Low","EIR-2026-BULK-026","Evidence Received","2026-07-27T00:00:00.000Z","earnint_receiveddate stores a date without time; midnight is a normalization placeholder.","1","Capture an event date-time for sequencing within a day."
"DateOnlyTimestamp","Low","EIR-2026-BULK-027","Evidence Received","2026-07-28T00:00:00.000Z","earnint_receiveddate stores a date without time; midnight is a normalization placeholder.","1","Capture an event date-time for sequencing within a day."
"DateOnlyTimestamp","Low","EIR-2026-BULK-028","Evidence Received","2026-07-29T00:00:00.000Z","earnint_receiveddate stores a date without time; midnight is a normalization placeholder.","1","Capture an event date-time for sequencing within a day."
"DateOnlyTimestamp","Low","EIR-2026-BULK-029","Evidence Received","2026-07-30T00:00:00.000Z","earnint_receiveddate stores a date without time; midnight is a normalization placeholder.","1","Capture an event date-time for sequencing within a day."
"DateOnlyTimestamp","Low","EIR-2026-BULK-030","Evidence Received","2026-07-31T00:00:00.000Z","earnint_receiveddate stores a date without time; midnight is a normalization placeholder.","1","Capture an event date-time for sequencing within a day."
"DateOnlyTimestamp","Low","EIR-2026-BULK-031","Evidence Received","2026-08-01T00:00:00.000Z","earnint_receiveddate stores a date without time; midnight is a normalization placeholder.","1","Capture an event date-time for sequencing within a day."
"DateOnlyTimestamp","Low","EIR-2026-BULK-032","Evidence Received","2026-08-02T00:00:00.000Z","earnint_receiveddate stores a date without time; midnight is a normalization placeholder.","1","Capture an event date-time for sequencing within a day."
"DateOnlyTimestamp","Low","EIR-2026-BULK-033","Evidence Received","2026-08-03T00:00:00.000Z","earnint_receiveddate stores a date without time; midnight is a normalization placeholder.","1","Capture an event date-time for sequencing within a day."
"DateOnlyTimestamp","Low","EIR-2026-BULK-034","Evidence Received","2026-08-04T00:00:00.000Z","earnint_receiveddate stores a date without time; midnight is a normalization placeholder.","1","Capture an event date-time for sequencing within a day."
"DateOnlyTimestamp","Low","EIR-2026-BULK-035","Evidence Received","2026-08-05T00:00:00.000Z","earnint_receiveddate stores a date without time; midnight is a normalization placeholder.","1","Capture an event date-time for sequencing within a day."
"DateOnlyTimestamp","Low","EIR-2026-BULK-036","Evidence Received","2026-08-06T00:00:00.000Z","earnint_receiveddate stores a date without time; midnight is a normalization placeholder.","1","Capture an event date-time for sequencing within a day."
"DateOnlyTimestamp","Low","EIR-2026-BULK-037","Evidence Received","2026-08-07T00:00:00.000Z","earnint_receiveddate stores a date without time; midnight is a normalization placeholder.","1","Capture an event date-time for sequencing within a day."
"DateOnlyTimestamp","Low","EIR-2026-BULK-038","Evidence Received","2026-08-08T00:00:00.000Z","earnint_receiveddate stores a date without time; midnight is a normalization placeholder.","1","Capture an event date-time for sequencing within a day."
"DateOnlyTimestamp","Low","EIR-2026-BULK-039","Evidence Received","2026-08-09T00:00:00.000Z","earnint_receiveddate stores a date without time; midnight is a normalization placeholder.","1","Capture an event date-time for sequencing within a day."
"DateOnlyTimestamp","Low","EIR-2026-BULK-040","Evidence Received","2026-08-10T00:00:00.000Z","earnint_receiveddate stores a date without time; midnight is a normalization placeholder.","1","Capture an event date-time for sequencing within a day."
"DateOnlyTimestamp","Low","EIR-2026-BULK-041","Evidence Received","2026-08-11T00:00:00.000Z","earnint_receiveddate stores a date without time; midnight is a normalization placeholder.","1","Capture an event date-time for sequencing within a day."
"DateOnlyTimestamp","Low","EIR-2026-BULK-042","Evidence Received","2026-08-12T00:00:00.000Z","earnint_receiveddate stores a date without time; midnight is a normalization placeholder.","1","Capture an event date-time for sequencing within a day."
"DateOnlyTimestamp","Low","EIR-2026-BULK-043","Evidence Received","2026-08-13T00:00:00.000Z","earnint_receiveddate stores a date without time; midnight is a normalization placeholder.","1","Capture an event date-time for sequencing within a day."
"DateOnlyTimestamp","Low","EIR-2026-BULK-044","Evidence Received","2026-08-14T00:00:00.000Z","earnint_receiveddate stores a date without time; midnight is a normalization placeholder.","1","Capture an event date-time for sequencing within a day."
"DateOnlyTimestamp","Low","EIR-2026-BULK-045","Evidence Received","2026-08-15T00:00:00.000Z","earnint_receiveddate stores a date without time; midnight is a normalization placeholder.","1","Capture an event date-time for sequencing within a day."
"DateOnlyTimestamp","Low","EIR-2026-BULK-046","Evidence Received","2026-08-16T00:00:00.000Z","earnint_receiveddate stores a date without time; midnight is a normalization placeholder.","1","Capture an event date-time for sequencing within a day."
"DateOnlyTimestamp","Low","EIR-2026-BULK-047","Evidence Received","2026-08-17T00:00:00.000Z","earnint_receiveddate stores a date without time; midnight is a normalization placeholder.","1","Capture an event date-time for sequencing within a day."
"DateOnlyTimestamp","Low","EIR-2026-BULK-048","Evidence Received","2026-08-18T00:00:00.000Z","earnint_receiveddate stores a date without time; midnight is a normalization placeholder.","1","Capture an event date-time for sequencing within a day."
"DateOnlyTimestamp","Low","EIR-2026-BULK-049","Evidence Received","2026-08-19T00:00:00.000Z","earnint_receiveddate stores a date without time; midnight is a normalization placeholder.","1","Capture an event date-time for sequencing within a day."
"DateOnlyTimestamp","Low","EIR-2026-BULK-050","Evidence Received","2026-08-20T00:00:00.000Z","earnint_receiveddate stores a date without time; midnight is a normalization placeholder.","1","Capture an event date-time for sequencing within a day."
"DateOnlyTimestamp","Low","EIR-PM-2026-CRITICAL","Evidence Received","2026-04-30T00:00:00.000Z","earnint_receiveddate stores a date without time; midnight is a normalization placeholder.","1","Capture an event date-time for sequencing within a day."
"DateOnlyTimestamp","Low","EIR-PM-2026-HIGH","Evidence Received","2026-04-23T00:00:00.000Z","earnint_receiveddate stores a date without time; midnight is a normalization placeholder.","1","Capture an event date-time for sequencing within a day."
"DateOnlyTimestamp","Low","EIR-PM-2026-LOW","Evidence Received","2026-04-09T00:00:00.000Z","earnint_receiveddate stores a date without time; midnight is a normalization placeholder.","1","Capture an event date-time for sequencing within a day."
"DateOnlyTimestamp","Low","EIR-PM-2026-MEDIUM","Evidence Received","2026-04-16T00:00:00.000Z","earnint_receiveddate stores a date without time; midnight is a normalization placeholder.","1","Capture an event date-time for sequencing within a day."
"AnalysisCapability","Medium","ALL","Waiting time between activities","","Partially supported: business and scheduled timestamps provide intervals, but most activities lack actual completion timestamps.","58","Capture actual start/end or immutable occurrence timestamps."
"AnalysisCapability","Medium","ALL","Average case duration","","Supported for 4 completed synthetic Cases; not representative of production performance.","4","Filter to completed EIR-PM Cases and label durations as synthetic demonstration data."
"AnalysisCapability","Medium","ALL","Bottlenecks","","Partially supported for scheduled work only; actual queue and activity waiting times are not reliable.","58","Capture queue entry/exit and actual activity start/end timestamps."
"BpfStageTimestampGap","Medium","EIR-2025-0033","","","BPF traversedpath contains 5 stages, but Dataverse exposes no per-stage timestamps for prior stages.","5","Instrument stage transitions in an immutable event table or enable audit history before stage movement."
"DuplicateEvent","Medium","EIR-2025-0052","Evidence Received","2025-06-10T00:00:00.000Z","Multiple source records normalize to the same Case, activity, and timestamp.","2","Retain source record IDs in staging and define a deduplication key before import."
"IdenticalTimestampSequenceUncertain","Medium","EIR-2025-0033","","2026-07-29T20:40:52.000Z","2 events share an identical timestamp; source data does not establish a reliable within-timestamp order.","2","Add an event sequence number or higher precision event timestamp."
"IdenticalTimestampSequenceUncertain","Medium","EIR-2025-0041","","2026-07-29T20:39:14.000Z","2 events share an identical timestamp; source data does not establish a reliable within-timestamp order.","2","Add an event sequence number or higher precision event timestamp."
"IdenticalTimestampSequenceUncertain","Medium","EIR-2025-0041","","2026-07-29T20:50:55.000Z","2 events share an identical timestamp; source data does not establish a reliable within-timestamp order.","2","Add an event sequence number or higher precision event timestamp."
"IdenticalTimestampSequenceUncertain","Medium","EIR-2025-0041","","2026-07-29T20:51:00.000Z","2 events share an identical timestamp; source data does not establish a reliable within-timestamp order.","2","Add an event sequence number or higher precision event timestamp."
"IdenticalTimestampSequenceUncertain","Medium","EIR-2025-0041","","2026-08-10T16:51:11.000Z","2 events share an identical timestamp; source data does not establish a reliable within-timestamp order.","2","Add an event sequence number or higher precision event timestamp."
"IdenticalTimestampSequenceUncertain","Medium","EIR-2025-0052","","2025-06-10T00:00:00.000Z","2 events share an identical timestamp; source data does not establish a reliable within-timestamp order.","2","Add an event sequence number or higher precision event timestamp."
"IdenticalTimestampSequenceUncertain","Medium","EIR-2025-0052","","2026-07-29T20:39:39.000Z","2 events share an identical timestamp; source data does not establish a reliable within-timestamp order.","2","Add an event sequence number or higher precision event timestamp."
"IdenticalTimestampSequenceUncertain","Medium","EIR-2025-0067","","2026-07-29T20:39:47.000Z","2 events share an identical timestamp; source data does not establish a reliable within-timestamp order.","2","Add an event sequence number or higher precision event timestamp."
"IdenticalTimestampSequenceUncertain","Medium","EIR-2025-0067","","2026-07-29T20:51:13.000Z","2 events share an identical timestamp; source data does not establish a reliable within-timestamp order.","2","Add an event sequence number or higher precision event timestamp."
"IdenticalTimestampSequenceUncertain","Medium","EIR-2026-BULK-009","","2026-08-10T17:04:35.000Z","2 events share an identical timestamp; source data does not establish a reliable within-timestamp order.","2","Add an event sequence number or higher precision event timestamp."
"IdenticalTimestampSequenceUncertain","Medium","EIR-2026-BULK-010","","2026-08-10T17:04:39.000Z","2 events share an identical timestamp; source data does not establish a reliable within-timestamp order.","2","Add an event sequence number or higher precision event timestamp."
"IdenticalTimestampSequenceUncertain","Medium","EIR-2026-BULK-011","","2026-08-10T17:04:43.000Z","2 events share an identical timestamp; source data does not establish a reliable within-timestamp order.","2","Add an event sequence number or higher precision event timestamp."
"IdenticalTimestampSequenceUncertain","Medium","EIR-2026-BULK-012","","2026-08-10T17:04:47.000Z","2 events share an identical timestamp; source data does not establish a reliable within-timestamp order.","2","Add an event sequence number or higher precision event timestamp."
"IdenticalTimestampSequenceUncertain","Medium","EIR-2026-BULK-013","","2026-08-10T17:04:51.000Z","2 events share an identical timestamp; source data does not establish a reliable within-timestamp order.","2","Add an event sequence number or higher precision event timestamp."
"IdenticalTimestampSequenceUncertain","Medium","EIR-2026-BULK-014","","2026-08-10T17:04:54.000Z","2 events share an identical timestamp; source data does not establish a reliable within-timestamp order.","2","Add an event sequence number or higher precision event timestamp."
"IdenticalTimestampSequenceUncertain","Medium","EIR-2026-BULK-015","","2026-08-10T17:04:57.000Z","2 events share an identical timestamp; source data does not establish a reliable within-timestamp order.","2","Add an event sequence number or higher precision event timestamp."
"IdenticalTimestampSequenceUncertain","Medium","EIR-2026-BULK-016","","2026-08-10T17:05:01.000Z","2 events share an identical timestamp; source data does not establish a reliable within-timestamp order.","2","Add an event sequence number or higher precision event timestamp."
"IdenticalTimestampSequenceUncertain","Medium","EIR-2026-BULK-017","","2026-08-10T17:05:19.000Z","2 events share an identical timestamp; source data does not establish a reliable within-timestamp order.","2","Add an event sequence number or higher precision event timestamp."
"IdenticalTimestampSequenceUncertain","Medium","EIR-2026-BULK-018","","2026-08-10T17:05:30.000Z","2 events share an identical timestamp; source data does not establish a reliable within-timestamp order.","2","Add an event sequence number or higher precision event timestamp."
"IdenticalTimestampSequenceUncertain","Medium","EIR-2026-BULK-019","","2026-08-10T17:05:37.000Z","2 events share an identical timestamp; source data does not establish a reliable within-timestamp order.","2","Add an event sequence number or higher precision event timestamp."
"IdenticalTimestampSequenceUncertain","Medium","EIR-2026-BULK-020","","2026-08-10T17:05:45.000Z","2 events share an identical timestamp; source data does not establish a reliable within-timestamp order.","2","Add an event sequence number or higher precision event timestamp."
"IdenticalTimestampSequenceUncertain","Medium","EIR-2026-BULK-021","","2026-08-10T17:05:49.000Z","2 events share an identical timestamp; source data does not establish a reliable within-timestamp order.","2","Add an event sequence number or higher precision event timestamp."
"IdenticalTimestampSequenceUncertain","Medium","EIR-2026-BULK-022","","2026-08-10T17:05:54.000Z","2 events share an identical timestamp; source data does not establish a reliable within-timestamp order.","2","Add an event sequence number or higher precision event timestamp."
"IdenticalTimestampSequenceUncertain","Medium","EIR-2026-BULK-023","","2026-08-10T17:06:00.000Z","2 events share an identical timestamp; source data does not establish a reliable within-timestamp order.","2","Add an event sequence number or higher precision event timestamp."
"IdenticalTimestampSequenceUncertain","Medium","EIR-2026-BULK-024","","2026-08-10T17:06:05.000Z","2 events share an identical timestamp; source data does not establish a reliable within-timestamp order.","2","Add an event sequence number or higher precision event timestamp."
"IdenticalTimestampSequenceUncertain","Medium","EIR-2026-BULK-025","","2026-08-10T17:06:08.000Z","2 events share an identical timestamp; source data does not establish a reliable within-timestamp order.","2","Add an event sequence number or higher precision event timestamp."
"IdenticalTimestampSequenceUncertain","Medium","EIR-2026-BULK-026","","2026-08-10T17:06:12.000Z","2 events share an identical timestamp; source data does not establish a reliable within-timestamp order.","2","Add an event sequence number or higher precision event timestamp."
"IdenticalTimestampSequenceUncertain","Medium","EIR-2026-BULK-026","","2026-08-10T17:07:36.000Z","2 events share an identical timestamp; source data does not establish a reliable within-timestamp order.","2","Add an event sequence number or higher precision event timestamp."
"IdenticalTimestampSequenceUncertain","Medium","EIR-2026-BULK-027","","2026-08-10T17:06:15.000Z","2 events share an identical timestamp; source data does not establish a reliable within-timestamp order.","2","Add an event sequence number or higher precision event timestamp."
"IdenticalTimestampSequenceUncertain","Medium","EIR-2026-BULK-027","","2026-08-10T17:07:37.000Z","2 events share an identical timestamp; source data does not establish a reliable within-timestamp order.","2","Add an event sequence number or higher precision event timestamp."
"IdenticalTimestampSequenceUncertain","Medium","EIR-2026-BULK-028","","2026-08-10T17:06:18.000Z","2 events share an identical timestamp; source data does not establish a reliable within-timestamp order.","2","Add an event sequence number or higher precision event timestamp."
"IdenticalTimestampSequenceUncertain","Medium","EIR-2026-BULK-028","","2026-08-10T17:07:38.000Z","2 events share an identical timestamp; source data does not establish a reliable within-timestamp order.","2","Add an event sequence number or higher precision event timestamp."
"IdenticalTimestampSequenceUncertain","Medium","EIR-2026-BULK-029","","2026-08-10T17:06:21.000Z","2 events share an identical timestamp; source data does not establish a reliable within-timestamp order.","2","Add an event sequence number or higher precision event timestamp."
"IdenticalTimestampSequenceUncertain","Medium","EIR-2026-BULK-029","","2026-08-10T17:07:39.000Z","3 events share an identical timestamp; source data does not establish a reliable within-timestamp order.","3","Add an event sequence number or higher precision event timestamp."
"IdenticalTimestampSequenceUncertain","Medium","EIR-2026-BULK-030","","2026-08-10T17:06:24.000Z","2 events share an identical timestamp; source data does not establish a reliable within-timestamp order.","2","Add an event sequence number or higher precision event timestamp."
"IdenticalTimestampSequenceUncertain","Medium","EIR-2026-BULK-030","","2026-08-10T17:07:40.000Z","3 events share an identical timestamp; source data does not establish a reliable within-timestamp order.","3","Add an event sequence number or higher precision event timestamp."
"IdenticalTimestampSequenceUncertain","Medium","EIR-2026-BULK-031","","2026-08-10T17:06:27.000Z","2 events share an identical timestamp; source data does not establish a reliable within-timestamp order.","2","Add an event sequence number or higher precision event timestamp."
"IdenticalTimestampSequenceUncertain","Medium","EIR-2026-BULK-031","","2026-08-10T17:07:40.000Z","2 events share an identical timestamp; source data does not establish a reliable within-timestamp order.","2","Add an event sequence number or higher precision event timestamp."
"IdenticalTimestampSequenceUncertain","Medium","EIR-2026-BULK-032","","2026-08-10T17:06:31.000Z","2 events share an identical timestamp; source data does not establish a reliable within-timestamp order.","2","Add an event sequence number or higher precision event timestamp."
"IdenticalTimestampSequenceUncertain","Medium","EIR-2026-BULK-032","","2026-08-10T17:07:41.000Z","3 events share an identical timestamp; source data does not establish a reliable within-timestamp order.","3","Add an event sequence number or higher precision event timestamp."
"IdenticalTimestampSequenceUncertain","Medium","EIR-2026-BULK-033","","2026-08-10T17:06:34.000Z","2 events share an identical timestamp; source data does not establish a reliable within-timestamp order.","2","Add an event sequence number or higher precision event timestamp."
"IdenticalTimestampSequenceUncertain","Medium","EIR-2026-BULK-033","","2026-08-10T17:07:42.000Z","3 events share an identical timestamp; source data does not establish a reliable within-timestamp order.","3","Add an event sequence number or higher precision event timestamp."
"IdenticalTimestampSequenceUncertain","Medium","EIR-2026-BULK-034","","2026-08-10T17:06:37.000Z","2 events share an identical timestamp; source data does not establish a reliable within-timestamp order.","2","Add an event sequence number or higher precision event timestamp."
"IdenticalTimestampSequenceUncertain","Medium","EIR-2026-BULK-034","","2026-08-10T17:07:43.000Z","3 events share an identical timestamp; source data does not establish a reliable within-timestamp order.","3","Add an event sequence number or higher precision event timestamp."
"IdenticalTimestampSequenceUncertain","Medium","EIR-2026-BULK-035","","2026-08-10T17:06:40.000Z","2 events share an identical timestamp; source data does not establish a reliable within-timestamp order.","2","Add an event sequence number or higher precision event timestamp."
"IdenticalTimestampSequenceUncertain","Medium","EIR-2026-BULK-035","","2026-08-10T17:07:43.000Z","2 events share an identical timestamp; source data does not establish a reliable within-timestamp order.","2","Add an event sequence number or higher precision event timestamp."
"IdenticalTimestampSequenceUncertain","Medium","EIR-2026-BULK-036","","2026-08-10T17:06:44.000Z","2 events share an identical timestamp; source data does not establish a reliable within-timestamp order.","2","Add an event sequence number or higher precision event timestamp."
"IdenticalTimestampSequenceUncertain","Medium","EIR-2026-BULK-036","","2026-08-10T17:07:44.000Z","3 events share an identical timestamp; source data does not establish a reliable within-timestamp order.","3","Add an event sequence number or higher precision event timestamp."
"IdenticalTimestampSequenceUncertain","Medium","EIR-2026-BULK-037","","2026-08-10T17:06:47.000Z","2 events share an identical timestamp; source data does not establish a reliable within-timestamp order.","2","Add an event sequence number or higher precision event timestamp."
"IdenticalTimestampSequenceUncertain","Medium","EIR-2026-BULK-037","","2026-08-10T17:07:45.000Z","3 events share an identical timestamp; source data does not establish a reliable within-timestamp order.","3","Add an event sequence number or higher precision event timestamp."
"IdenticalTimestampSequenceUncertain","Medium","EIR-2026-BULK-038","","2026-08-10T17:06:50.000Z","2 events share an identical timestamp; source data does not establish a reliable within-timestamp order.","2","Add an event sequence number or higher precision event timestamp."
"IdenticalTimestampSequenceUncertain","Medium","EIR-2026-BULK-038","","2026-08-10T17:07:45.000Z","2 events share an identical timestamp; source data does not establish a reliable within-timestamp order.","2","Add an event sequence number or higher precision event timestamp."
"IdenticalTimestampSequenceUncertain","Medium","EIR-2026-BULK-039","","2026-08-10T17:06:53.000Z","2 events share an identical timestamp; source data does not establish a reliable within-timestamp order.","2","Add an event sequence number or higher precision event timestamp."
"IdenticalTimestampSequenceUncertain","Medium","EIR-2026-BULK-039","","2026-08-10T17:07:46.000Z","2 events share an identical timestamp; source data does not establish a reliable within-timestamp order.","2","Add an event sequence number or higher precision event timestamp."
"IdenticalTimestampSequenceUncertain","Medium","EIR-2026-BULK-040","","2026-08-10T17:06:56.000Z","2 events share an identical timestamp; source data does not establish a reliable within-timestamp order.","2","Add an event sequence number or higher precision event timestamp."
"IdenticalTimestampSequenceUncertain","Medium","EIR-2026-BULK-040","","2026-08-10T17:07:47.000Z","3 events share an identical timestamp; source data does not establish a reliable within-timestamp order.","3","Add an event sequence number or higher precision event timestamp."
"IdenticalTimestampSequenceUncertain","Medium","EIR-2026-BULK-041","","2026-08-10T17:07:00.000Z","2 events share an identical timestamp; source data does not establish a reliable within-timestamp order.","2","Add an event sequence number or higher precision event timestamp."
"IdenticalTimestampSequenceUncertain","Medium","EIR-2026-BULK-041","","2026-08-10T17:07:48.000Z","2 events share an identical timestamp; source data does not establish a reliable within-timestamp order.","2","Add an event sequence number or higher precision event timestamp."
"IdenticalTimestampSequenceUncertain","Medium","EIR-2026-BULK-042","","2026-08-10T17:07:03.000Z","2 events share an identical timestamp; source data does not establish a reliable within-timestamp order.","2","Add an event sequence number or higher precision event timestamp."
"IdenticalTimestampSequenceUncertain","Medium","EIR-2026-BULK-042","","2026-08-10T17:07:49.000Z","3 events share an identical timestamp; source data does not establish a reliable within-timestamp order.","3","Add an event sequence number or higher precision event timestamp."
"IdenticalTimestampSequenceUncertain","Medium","EIR-2026-BULK-043","","2026-08-10T17:07:07.000Z","2 events share an identical timestamp; source data does not establish a reliable within-timestamp order.","2","Add an event sequence number or higher precision event timestamp."
"IdenticalTimestampSequenceUncertain","Medium","EIR-2026-BULK-043","","2026-08-10T17:07:50.000Z","3 events share an identical timestamp; source data does not establish a reliable within-timestamp order.","3","Add an event sequence number or higher precision event timestamp."
"IdenticalTimestampSequenceUncertain","Medium","EIR-2026-BULK-044","","2026-08-10T17:07:11.000Z","2 events share an identical timestamp; source data does not establish a reliable within-timestamp order.","2","Add an event sequence number or higher precision event timestamp."
"IdenticalTimestampSequenceUncertain","Medium","EIR-2026-BULK-044","","2026-08-10T17:07:50.000Z","2 events share an identical timestamp; source data does not establish a reliable within-timestamp order.","2","Add an event sequence number or higher precision event timestamp."
"IdenticalTimestampSequenceUncertain","Medium","EIR-2026-BULK-045","","2026-08-10T17:07:14.000Z","2 events share an identical timestamp; source data does not establish a reliable within-timestamp order.","2","Add an event sequence number or higher precision event timestamp."
"IdenticalTimestampSequenceUncertain","Medium","EIR-2026-BULK-045","","2026-08-10T17:07:51.000Z","2 events share an identical timestamp; source data does not establish a reliable within-timestamp order.","2","Add an event sequence number or higher precision event timestamp."
"IdenticalTimestampSequenceUncertain","Medium","EIR-2026-BULK-046","","2026-08-10T17:07:17.000Z","2 events share an identical timestamp; source data does not establish a reliable within-timestamp order.","2","Add an event sequence number or higher precision event timestamp."
"IdenticalTimestampSequenceUncertain","Medium","EIR-2026-BULK-046","","2026-08-10T17:07:52.000Z","2 events share an identical timestamp; source data does not establish a reliable within-timestamp order.","2","Add an event sequence number or higher precision event timestamp."
"IdenticalTimestampSequenceUncertain","Medium","EIR-2026-BULK-047","","2026-08-10T17:07:21.000Z","2 events share an identical timestamp; source data does not establish a reliable within-timestamp order.","2","Add an event sequence number or higher precision event timestamp."
"IdenticalTimestampSequenceUncertain","Medium","EIR-2026-BULK-047","","2026-08-10T17:07:53.000Z","2 events share an identical timestamp; source data does not establish a reliable within-timestamp order.","2","Add an event sequence number or higher precision event timestamp."
"IdenticalTimestampSequenceUncertain","Medium","EIR-2026-BULK-048","","2026-08-10T17:07:24.000Z","2 events share an identical timestamp; source data does not establish a reliable within-timestamp order.","2","Add an event sequence number or higher precision event timestamp."
"IdenticalTimestampSequenceUncertain","Medium","EIR-2026-BULK-048","","2026-08-10T17:07:54.000Z","2 events share an identical timestamp; source data does not establish a reliable within-timestamp order.","2","Add an event sequence number or higher precision event timestamp."
"IdenticalTimestampSequenceUncertain","Medium","EIR-2026-BULK-049","","2026-08-10T17:07:29.000Z","2 events share an identical timestamp; source data does not establish a reliable within-timestamp order.","2","Add an event sequence number or higher precision event timestamp."
"IdenticalTimestampSequenceUncertain","Medium","EIR-2026-BULK-049","","2026-08-10T17:07:55.000Z","3 events share an identical timestamp; source data does not establish a reliable within-timestamp order.","3","Add an event sequence number or higher precision event timestamp."
"IdenticalTimestampSequenceUncertain","Medium","EIR-2026-BULK-050","","2026-08-10T17:07:32.000Z","2 events share an identical timestamp; source data does not establish a reliable within-timestamp order.","2","Add an event sequence number or higher precision event timestamp."
"IdenticalTimestampSequenceUncertain","Medium","EIR-2026-BULK-050","","2026-08-10T17:07:56.000Z","3 events share an identical timestamp; source data does not establish a reliable within-timestamp order.","3","Add an event sequence number or higher precision event timestamp."
"InferredEvent","Medium","EIR-2025-0033","AI Analysis Result Recorded","2026-08-10T17:03:35.000Z","Event is derived from current state and AI summary fields and incident.modifiedon; no dated transition or audit detail exists.","1","Enable Dataverse auditing or create an immutable process-event table."
"InferredEvent","Medium","EIR-2025-0041","AI Analysis Result Recorded","2026-08-10T16:51:04.000Z","Event is derived from current state and AI summary fields and incident.modifiedon; no dated transition or audit detail exists.","1","Enable Dataverse auditing or create an immutable process-event table."
"InferredEvent","Medium","EIR-2025-0052","AI Analysis Result Recorded","2026-08-04T19:24:07.000Z","Event is derived from current state and AI summary fields and incident.modifiedon; no dated transition or audit detail exists.","1","Enable Dataverse auditing or create an immutable process-event table."
"InferredEvent","Medium","EIR-2025-0067","AI Analysis Result Recorded","2026-08-04T19:24:07.000Z","Event is derived from current state and AI summary fields and incident.modifiedon; no dated transition or audit detail exists.","1","Enable Dataverse auditing or create an immutable process-event table."
"InferredEvent","Medium","EIR-2026-BULK-001","AI Analysis Result Recorded","2026-08-10T18:22:42.000Z","Event is derived from current state and AI summary fields and incident.modifiedon; no dated transition or audit detail exists.","1","Enable Dataverse auditing or create an immutable process-event table."
"InferredEvent","Medium","EIR-2026-BULK-002","AI Analysis Result Recorded","2026-08-10T18:22:43.000Z","Event is derived from current state and AI summary fields and incident.modifiedon; no dated transition or audit detail exists.","1","Enable Dataverse auditing or create an immutable process-event table."
"InferredEvent","Medium","EIR-2026-BULK-003","AI Analysis Result Recorded","2026-08-10T18:22:43.000Z","Event is derived from current state and AI summary fields and incident.modifiedon; no dated transition or audit detail exists.","1","Enable Dataverse auditing or create an immutable process-event table."
"InferredEvent","Medium","EIR-2026-BULK-004","AI Analysis Result Recorded","2026-08-10T18:22:43.000Z","Event is derived from current state and AI summary fields and incident.modifiedon; no dated transition or audit detail exists.","1","Enable Dataverse auditing or create an immutable process-event table."
"InferredEvent","Medium","EIR-2026-BULK-005","AI Analysis Result Recorded","2026-08-10T18:22:44.000Z","Event is derived from current state and AI summary fields and incident.modifiedon; no dated transition or audit detail exists.","1","Enable Dataverse auditing or create an immutable process-event table."
"InferredEvent","Medium","EIR-2026-BULK-006","AI Analysis Result Recorded","2026-08-10T18:22:44.000Z","Event is derived from current state and AI summary fields and incident.modifiedon; no dated transition or audit detail exists.","1","Enable Dataverse auditing or create an immutable process-event table."
"InferredEvent","Medium","EIR-2026-BULK-007","AI Analysis Result Recorded","2026-08-10T18:22:44.000Z","Event is derived from current state and AI summary fields and incident.modifiedon; no dated transition or audit detail exists.","1","Enable Dataverse auditing or create an immutable process-event table."
"InferredEvent","Medium","EIR-2026-BULK-008","AI Analysis Result Recorded","2026-08-10T18:22:44.000Z","Event is derived from current state and AI summary fields and incident.modifiedon; no dated transition or audit detail exists.","1","Enable Dataverse auditing or create an immutable process-event table."
"InferredEvent","Medium","EIR-2026-BULK-009","AI Analysis Result Recorded","2026-08-10T18:22:45.000Z","Event is derived from current state and AI summary fields and incident.modifiedon; no dated transition or audit detail exists.","1","Enable Dataverse auditing or create an immutable process-event table."
"InferredEvent","Medium","EIR-2026-BULK-010","AI Analysis Result Recorded","2026-08-10T18:22:45.000Z","Event is derived from current state and AI summary fields and incident.modifiedon; no dated transition or audit detail exists.","1","Enable Dataverse auditing or create an immutable process-event table."
"InferredEvent","Medium","EIR-2026-BULK-011","AI Analysis Result Recorded","2026-08-10T18:22:45.000Z","Event is derived from current state and AI summary fields and incident.modifiedon; no dated transition or audit detail exists.","1","Enable Dataverse auditing or create an immutable process-event table."
"InferredEvent","Medium","EIR-2026-BULK-012","AI Analysis Result Recorded","2026-08-10T18:22:46.000Z","Event is derived from current state and AI summary fields and incident.modifiedon; no dated transition or audit detail exists.","1","Enable Dataverse auditing or create an immutable process-event table."
"InferredEvent","Medium","EIR-2026-BULK-013","AI Analysis Result Recorded","2026-08-10T18:22:46.000Z","Event is derived from current state and AI summary fields and incident.modifiedon; no dated transition or audit detail exists.","1","Enable Dataverse auditing or create an immutable process-event table."
"InferredEvent","Medium","EIR-2026-BULK-014","AI Analysis Result Recorded","2026-08-10T18:22:46.000Z","Event is derived from current state and AI summary fields and incident.modifiedon; no dated transition or audit detail exists.","1","Enable Dataverse auditing or create an immutable process-event table."
"InferredEvent","Medium","EIR-2026-BULK-015","AI Analysis Result Recorded","2026-08-10T18:22:46.000Z","Event is derived from current state and AI summary fields and incident.modifiedon; no dated transition or audit detail exists.","1","Enable Dataverse auditing or create an immutable process-event table."
"InferredEvent","Medium","EIR-2026-BULK-016","AI Analysis Result Recorded","2026-08-10T18:22:47.000Z","Event is derived from current state and AI summary fields and incident.modifiedon; no dated transition or audit detail exists.","1","Enable Dataverse auditing or create an immutable process-event table."
"InferredEvent","Medium","EIR-2026-BULK-017","AI Analysis Result Recorded","2026-08-10T18:22:47.000Z","Event is derived from current state and AI summary fields and incident.modifiedon; no dated transition or audit detail exists.","1","Enable Dataverse auditing or create an immutable process-event table."
"InferredEvent","Medium","EIR-2026-BULK-018","AI Analysis Result Recorded","2026-08-10T18:22:47.000Z","Event is derived from current state and AI summary fields and incident.modifiedon; no dated transition or audit detail exists.","1","Enable Dataverse auditing or create an immutable process-event table."
"InferredEvent","Medium","EIR-2026-BULK-019","AI Analysis Result Recorded","2026-08-10T18:22:48.000Z","Event is derived from current state and AI summary fields and incident.modifiedon; no dated transition or audit detail exists.","1","Enable Dataverse auditing or create an immutable process-event table."
"InferredEvent","Medium","EIR-2026-BULK-020","AI Analysis Result Recorded","2026-08-10T18:22:48.000Z","Event is derived from current state and AI summary fields and incident.modifiedon; no dated transition or audit detail exists.","1","Enable Dataverse auditing or create an immutable process-event table."
"InferredEvent","Medium","EIR-2026-BULK-021","AI Analysis Result Recorded","2026-08-10T18:22:48.000Z","Event is derived from current state and AI summary fields and incident.modifiedon; no dated transition or audit detail exists.","1","Enable Dataverse auditing or create an immutable process-event table."
"InferredEvent","Medium","EIR-2026-BULK-022","AI Analysis Result Recorded","2026-08-10T18:22:49.000Z","Event is derived from current state and AI summary fields and incident.modifiedon; no dated transition or audit detail exists.","1","Enable Dataverse auditing or create an immutable process-event table."
"InferredEvent","Medium","EIR-2026-BULK-023","AI Analysis Result Recorded","2026-08-10T18:22:49.000Z","Event is derived from current state and AI summary fields and incident.modifiedon; no dated transition or audit detail exists.","1","Enable Dataverse auditing or create an immutable process-event table."
"InferredEvent","Medium","EIR-2026-BULK-024","AI Analysis Result Recorded","2026-08-10T18:22:50.000Z","Event is derived from current state and AI summary fields and incident.modifiedon; no dated transition or audit detail exists.","1","Enable Dataverse auditing or create an immutable process-event table."
"InferredEvent","Medium","EIR-2026-BULK-025","AI Analysis Result Recorded","2026-08-10T18:22:50.000Z","Event is derived from current state and AI summary fields and incident.modifiedon; no dated transition or audit detail exists.","1","Enable Dataverse auditing or create an immutable process-event table."
"InferredEvent","Medium","EIR-2026-BULK-026","AI Analysis Result Recorded","2026-08-10T18:22:50.000Z","Event is derived from current state and AI summary fields and incident.modifiedon; no dated transition or audit detail exists.","1","Enable Dataverse auditing or create an immutable process-event table."
"InferredEvent","Medium","EIR-2026-BULK-027","AI Analysis Result Recorded","2026-08-10T18:22:50.000Z","Event is derived from current state and AI summary fields and incident.modifiedon; no dated transition or audit detail exists.","1","Enable Dataverse auditing or create an immutable process-event table."
"InferredEvent","Medium","EIR-2026-BULK-028","AI Analysis Result Recorded","2026-08-10T18:22:51.000Z","Event is derived from current state and AI summary fields and incident.modifiedon; no dated transition or audit detail exists.","1","Enable Dataverse auditing or create an immutable process-event table."
"InferredEvent","Medium","EIR-2026-BULK-029","AI Analysis Result Recorded","2026-08-10T18:22:51.000Z","Event is derived from current state and AI summary fields and incident.modifiedon; no dated transition or audit detail exists.","1","Enable Dataverse auditing or create an immutable process-event table."
"InferredEvent","Medium","EIR-2026-BULK-030","AI Analysis Result Recorded","2026-08-10T18:22:51.000Z","Event is derived from current state and AI summary fields and incident.modifiedon; no dated transition or audit detail exists.","1","Enable Dataverse auditing or create an immutable process-event table."
"InferredEvent","Medium","EIR-2026-BULK-031","AI Analysis Result Recorded","2026-08-10T18:22:52.000Z","Event is derived from current state and AI summary fields and incident.modifiedon; no dated transition or audit detail exists.","1","Enable Dataverse auditing or create an immutable process-event table."
"InferredEvent","Medium","EIR-2026-BULK-032","AI Analysis Result Recorded","2026-08-10T18:22:52.000Z","Event is derived from current state and AI summary fields and incident.modifiedon; no dated transition or audit detail exists.","1","Enable Dataverse auditing or create an immutable process-event table."
"InferredEvent","Medium","EIR-2026-BULK-033","AI Analysis Result Recorded","2026-08-10T18:22:53.000Z","Event is derived from current state and AI summary fields and incident.modifiedon; no dated transition or audit detail exists.","1","Enable Dataverse auditing or create an immutable process-event table."
"InferredEvent","Medium","EIR-2026-BULK-034","AI Analysis Result Recorded","2026-08-10T18:22:53.000Z","Event is derived from current state and AI summary fields and incident.modifiedon; no dated transition or audit detail exists.","1","Enable Dataverse auditing or create an immutable process-event table."
"InferredEvent","Medium","EIR-2026-BULK-035","AI Analysis Result Recorded","2026-08-10T18:22:53.000Z","Event is derived from current state and AI summary fields and incident.modifiedon; no dated transition or audit detail exists.","1","Enable Dataverse auditing or create an immutable process-event table."
"InferredEvent","Medium","EIR-2026-BULK-036","AI Analysis Result Recorded","2026-08-10T18:22:53.000Z","Event is derived from current state and AI summary fields and incident.modifiedon; no dated transition or audit detail exists.","1","Enable Dataverse auditing or create an immutable process-event table."
"InferredEvent","Medium","EIR-2026-BULK-037","AI Analysis Result Recorded","2026-08-10T18:22:54.000Z","Event is derived from current state and AI summary fields and incident.modifiedon; no dated transition or audit detail exists.","1","Enable Dataverse auditing or create an immutable process-event table."
"InferredEvent","Medium","EIR-2026-BULK-038","AI Analysis Result Recorded","2026-08-10T18:22:54.000Z","Event is derived from current state and AI summary fields and incident.modifiedon; no dated transition or audit detail exists.","1","Enable Dataverse auditing or create an immutable process-event table."
"InferredEvent","Medium","EIR-2026-BULK-039","AI Analysis Result Recorded","2026-08-10T18:22:54.000Z","Event is derived from current state and AI summary fields and incident.modifiedon; no dated transition or audit detail exists.","1","Enable Dataverse auditing or create an immutable process-event table."
"InferredEvent","Medium","EIR-2026-BULK-040","AI Analysis Result Recorded","2026-08-10T18:22:55.000Z","Event is derived from current state and AI summary fields and incident.modifiedon; no dated transition or audit detail exists.","1","Enable Dataverse auditing or create an immutable process-event table."
"InferredEvent","Medium","EIR-2026-BULK-041","AI Analysis Result Recorded","2026-08-10T18:22:55.000Z","Event is derived from current state and AI summary fields and incident.modifiedon; no dated transition or audit detail exists.","1","Enable Dataverse auditing or create an immutable process-event table."
"InferredEvent","Medium","EIR-2026-BULK-042","AI Analysis Result Recorded","2026-08-10T18:22:55.000Z","Event is derived from current state and AI summary fields and incident.modifiedon; no dated transition or audit detail exists.","1","Enable Dataverse auditing or create an immutable process-event table."
"InferredEvent","Medium","EIR-2026-BULK-043","AI Analysis Result Recorded","2026-08-10T18:22:55.000Z","Event is derived from current state and AI summary fields and incident.modifiedon; no dated transition or audit detail exists.","1","Enable Dataverse auditing or create an immutable process-event table."
"InferredEvent","Medium","EIR-2026-BULK-044","AI Analysis Result Recorded","2026-08-10T18:22:56.000Z","Event is derived from current state and AI summary fields and incident.modifiedon; no dated transition or audit detail exists.","1","Enable Dataverse auditing or create an immutable process-event table."
"InferredEvent","Medium","EIR-2026-BULK-045","AI Analysis Result Recorded","2026-08-10T18:22:56.000Z","Event is derived from current state and AI summary fields and incident.modifiedon; no dated transition or audit detail exists.","1","Enable Dataverse auditing or create an immutable process-event table."
"InferredEvent","Medium","EIR-2026-BULK-046","AI Analysis Result Recorded","2026-08-10T18:22:56.000Z","Event is derived from current state and AI summary fields and incident.modifiedon; no dated transition or audit detail exists.","1","Enable Dataverse auditing or create an immutable process-event table."
"InferredEvent","Medium","EIR-2026-BULK-047","AI Analysis Result Recorded","2026-08-10T18:22:57.000Z","Event is derived from current state and AI summary fields and incident.modifiedon; no dated transition or audit detail exists.","1","Enable Dataverse auditing or create an immutable process-event table."
"InferredEvent","Medium","EIR-2026-BULK-048","AI Analysis Result Recorded","2026-08-10T18:22:57.000Z","Event is derived from current state and AI summary fields and incident.modifiedon; no dated transition or audit detail exists.","1","Enable Dataverse auditing or create an immutable process-event table."
"InferredEvent","Medium","EIR-2026-BULK-049","AI Analysis Result Recorded","2026-08-11T18:38:17.000Z","Event is derived from current state and AI summary fields and incident.modifiedon; no dated transition or audit detail exists.","1","Enable Dataverse auditing or create an immutable process-event table."
"InferredEvent","Medium","EIR-2026-BULK-050","AI Analysis Result Recorded","2026-08-10T18:22:58.000Z","Event is derived from current state and AI summary fields and incident.modifiedon; no dated transition or audit detail exists.","1","Enable Dataverse auditing or create an immutable process-event table."
